>> ./kmeans_omp sample-mnist-data/digits_all_5e3.txt 20 outdirs/outdir_digits_all_5e3.txt_1 500
threads: 1
datafile: sample-mnist-data/digits_all_5e3.txt
nclust: 20
savedir: outdirs/outdir_digits_all_5e3.txt_1
ndata: 5000
dim: 784

==CLUSTERING: MAXITER 500==
ITER NCHANGE CLUST_COUNTS
  1:  4484 |  335  107  277  308  369  141   60  122  468   30   98  343   95  240  550  523  159  195  226  354
  2:  1886 |  297  179  287  210  391  260  125  233  303  154  231  254  186  211  340  282  106  133  340  478
  3:   976 |  252  201  234  221  368  261  200  300  284  182  229  231  167  248  293  195  149  126  351  508
  4:   632 |  221  206  213  273  333  258  249  307  288  179  235  238  167  275  253  159  162  151  332  501
  5:   362 |  217  206  209  308  301  262  291  308  279  178  235  227  172  290  221  140  172  155  339  490
  6:   212 |  215  207  207  333  282  257  319  309  274  172  232  228  174  300  196  144  174  152  346  479
  7:   130 |  211  213  204  344  271  253  338  310  277  170  227  230  181  306  180  140  179  149  349  468
  8:    91 |  211  214  203  352  262  246  348  315  281  167  225  232  188  306  171  138  183  152  348  458
  9:    67 |  212  215  203  358  256  240  356  319  281  165  222  233  194  304  168  139  186  153  347  449
 10:    52 |  215  215  202  362  252  234  362  323  283  166  219  235  200  304  165  137  189  153  345  439
 11:    45 |  215  217  199  369  245  231  368  323  283  167  219  237  202  304  165  138  192  153  345  428
 12:    41 |  216  217  198  373  241  228  369  323  283  165  219  238  204  305  165  138  191  158  346  423
 13:    36 |  216  219  195  379  237  228  374  322  283  164  219  238  205  306  165  137  191  160  347  415
 14:    34 |  216  219  193  385  234  228  376  322  283  162  218  237  206  307  165  140  190  161  346  412
 15:    28 |  216  219  191  390  233  227  377  322  284  164  218  237  208  305  165  145  189  156  345  409
 16:    30 |  216  220  192  393  229  226  381  322  284  165  217  237  209  305  165  152  189  149  343  406
 17:    18 |  216  222  191  392  229  224  380  322  284  164  217  237  211  303  166  159  189  145  343  406
 18:    11 |  217  222  191  392  229  223  380  321  284  163  217  237  213  304  165  165  189  139  343  406
 19:     9 |  218  222  191  392  229  223  380  321  284  162  217  237  214  303  164  168  189  137  343  406
 20:     6 |  217  222  191  392  229  222  380  321  284  163  217  238  216  303  164  168  189  135  343  406
 21:     8 |  216  222  191  392  229  221  380  321  284  163  217  238  218  302  164  168  189  135  344  406
 22:     5 |  214  222  191  392  229  221  380  321  284  163  217  240  218  302  164  168  189  136  343  406
 23:     8 |  212  221  191  392  229  221  380  321  284  163  217  242  218  302  163  166  189  138  344  407
 24:    10 |  210  221  191  392  229  221  380  321  284  163  217  244  218  300  162  167  189  139  344  408
 25:     4 |  212  221  191  392  229  221  380  321  284  163  218  244  218  299  160  167  189  140  344  407
 26:     3 |  213  222  191  392  229  222  380  321  284  163  218  244  218  297  159  167  189  140  344  407
 27:     4 |  212  223  191  392  229  220  379  321  284  163  218  245  220  297  159  167  189  140  344  407
 28:     6 |  212  222  191  393  229  221  378  321  284  163  218  246  221  297  158  166  189  140  344  407
 29:     4 |  211  223  191  392  229  222  378  320  284  163  218  246  222  297  158  166  189  140  344  407
 30:     5 |  210  225  192  391  229  222  378  319  284  163  218  247  222  297  158  166  189  140  344  406
 31:     3 |  210  226  193  391  229  221  378  318  284  163  218  247  223  297  158  165  189  140  344  406
 32:     1 |  210  226  193  391  229  221  378  318  285  163  218  247  222  297  158  165  189  140  344  406
 33:     0 |  210  226  193  391  229  221  378  318  285  163  218  247  222  297  158  165  189  140  344  406
CONVERGED: after 34 iterations

==CONFUSION MATRIX + COUNTS==
LABEL \ CLUST
       0    1    2    3    4    5    6    7    8    9   10   11   12   13   14   15   16   17   18   19  TOT
 0:    0   12    7    1    1    3    1    0    0  159    0    0    0   15    0  142    6  133    7    2  489
 1:  179    2    0    0    0    0    0    1    0    0    0  217    1    1  128    0    1    0    0    0  530
 2:    0    2    3    2    0  209   23    8    3    0    4    2  209    1    8    3    7    1    5    3  493
 3:    2   15    0    0    0    3   25   13  164    0    0    0    5    1    5    0   35    1  239    1  509
 4:    4   13    2  260  125    1   67    2    0    0    0   11    0    2    3    0    0    0    0    9  499
 5:    0  161    0    3    2    1   49   13   99    0    0    2    2    8    2   11   32    1   72    0  458
 6:    5    8  181    1    1    0    2    1    2    2    0    0    3  269    1    3    1    2    0    0  482
 7:    9    2    0    5    4    2   41    0    0    0  206    8    0    0    4    0    0    0    0  282  563
 8:    7    7    0    0    1    2   34  279   15    1    0    4    2    0    7    5  103    1   17    9  494
 9:    4    4    0  119   95    0  136    1    2    1    8    3    0    0    0    1    4    1    4  100  483
TOT  210  226  193  391  229  221  378  318  285  163  218  247  222  297  158  165  189  140  344  406 5000

Saving cluster labels to file outdirs/outdir_digits_all_5e3.txt_1/labels.txt
Saving cluster centers to outdirs/outdir_digits_all_5e3.txt_1/cent_0000.pgm ...
runtime: procs 1 data digits_all_5e3.txt realtime 2.79


>> ./kmeans_omp sample-mnist-data/digits_all_1e4.txt 20 outdirs/outdir_digits_all_1e4.txt_1 500
threads: 1
datafile: sample-mnist-data/digits_all_1e4.txt
nclust: 20
savedir: outdirs/outdir_digits_all_1e4.txt_1
ndata: 10000
dim: 784

==CLUSTERING: MAXITER 500==
ITER NCHANGE CLUST_COUNTS
  1:  8990 |  404   80  508  512  771  536  217  429  509  552  583  974  233  582  830  627  478  495  430  250
  2:  3223 |  403  278  407  592  685  592  271  348  487  595  630  861  309  457  675  514  371  560  427  538
  3:  1402 |  527  297  352  538  584  568  323  514  481  624  599  762  335  422  606  500  372  591  377  628
  4:   763 |  604  294  338  508  549  568  319  598  471  628  590  697  363  415  573  481  376  599  379  650
  5:   576 |  632  293  324  506  525  572  324  618  461  614  594  660  372  415  544  492  387  604  388  675
  6:   476 |  656  299  307  521  502  579  341  607  471  595  588  649  374  428  514  482  395  601  404  687
  7:   400 |  689  303  305  550  484  586  344  580  477  576  591  642  373  423  489  467  407  600  425  689
  8:   345 |  707  310  301  582  472  596  341  571  464  548  596  636  380  421  469  455  424  602  439  686
  9:   262 |  717  308  302  610  460  599  338  572  464  515  596  633  389  421  449  457  435  607  442  686
 10:   199 |  719  312  305  629  448  600  334  566  464  488  597  633  393  427  442  452  445  612  448  686
 11:   163 |  721  316  311  642  445  593  331  557  475  470  598  633  398  428  439  451  449  614  445  684
 12:   138 |  722  321  314  646  444  590  328  554  475  453  599  638  405  426  436  448  458  616  442  685
 13:   103 |  721  323  315  654  443  590  328  539  472  439  601  640  406  427  434  447  466  617  450  688
 14:   108 |  721  325  313  661  445  593  325  530  467  422  602  642  415  430  434  450  475  621  440  689
 15:   111 |  720  326  312  665  454  596  320  512  455  412  603  642  424  431  434  451  480  625  441  697
 16:   117 |  729  326  309  673  460  599  316  490  444  402  600  642  436  432  432  450  479  627  451  703
 17:   105 |  726  324  308  671  464  599  315  478  434  398  598  643  443  433  433  449  483  626  464  711
 18:   107 |  726  325  308  674  474  598  313  465  424  390  596  643  452  429  433  451  486  630  474  709
 19:    91 |  726  324  307  680  480  594  314  455  424  385  593  642  457  428  433  450  486  634  480  708
 20:    70 |  727  324  307  679  481  592  316  453  427  382  595  641  464  426  433  452  486  636  471  708
 21:    68 |  727  324  307  677  480  589  317  451  430  381  595  642  476  426  433  450  479  638  470  708
 22:    62 |  727  323  307  677  482  586  318  448  435  381  594  644  486  427  433  447  474  639  466  706
 23:    72 |  728  324  307  676  484  583  318  447  438  381  593  645  500  424  431  446  469  642  459  705
 24:    69 |  731  323  306  674  486  582  319  445  445  380  591  643  511  423  430  445  461  646  454  705
 25:    73 |  729  321  306  670  490  581  319  443  456  381  591  642  516  423  430  445  453  649  450  705
 26:    64 |  723  320  306  671  493  579  319  442  458  380  592  642  517  423  427  444  456  651  449  708
 27:    63 |  721  319  308  670  493  578  318  440  466  380  594  642  520  423  428  441  455  653  443  708
 28:    56 |  721  321  308  670  492  577  319  437  474  380  597  641  523  424  428  438  455  651  435  709
 29:    43 |  716  323  308  669  493  576  320  437  478  380  597  642  526  425  428  433  454  651  435  709
 30:    42 |  712  324  309  670  496  575  320  434  482  380  597  641  528  425  427  432  454  651  434  709
 31:    18 |  713  324  310  670  496  575  320  433  482  379  598  640  529  426  427  432  454  652  432  708
 32:    18 |  713  325  310  669  496  575  320  429  482  379  598  640  530  426  427  432  455  653  431  710
 33:    19 |  714  325  310  668  496  575  320  427  484  379  598  640  527  427  427  431  454  653  434  711
 34:    16 |  715  325  310  666  496  575  320  426  481  379  598  640  531  428  427  430  452  654  436  711
 35:    18 |  716  325  310  666  496  572  320  426  480  379  598  640  536  430  427  430  450  653  436  710
 36:    12 |  716  325  310  665  496  572  320  427  480  379  598  640  541  430  428  430  447  652  435  709
 37:    16 |  714  326  310  666  496  571  320  427  483  379  598  640  546  430  428  430  448  652  428  708
 38:    16 |  711  326  310  666  498  570  320  427  484  379  599  640  551  431  428  430  445  652  425  708
 39:    19 |  711  326  310  666  500  569  319  426  485  379  599  640  558  431  428  430  442  653  421  707
 40:    11 |  710  326  310  666  499  568  319  426  487  379  599  640  559  431  429  429  440  655  421  707
 41:    10 |  710  327  310  666  499  567  318  426  487  379  599  640  564  431  430  429  436  655  420  707
 42:    14 |  709  329  310  666  499  566  316  426  487  379  599  640  568  431  431  429  435  655  418  707
 43:     9 |  709  329  310  666  499  565  314  426  488  379  599  640  569  431  433  429  433  655  419  707
 44:    15 |  709  329  310  666  499  565  313  426  488  379  599  640  576  431  434  428  426  654  421  707
 45:    18 |  708  329  309  665  499  562  312  426  488  381  599  640  578  431  434  427  427  655  422  708
 46:    16 |  708  330  309  665  499  560  312  427  488  382  599  640  577  431  434  426  428  655  422  708
 47:    17 |  708  332  309  665  499  557  312  428  489  383  599  640  580  431  434  424  426  655  421  708
 48:    22 |  705  332  309  665  499  555  312  428  490  383  600  640  585  432  434  424  423  655  421  708
 49:    28 |  706  333  309  665  499  552  312  428  490  386  603  639  583  432  434  423  417  657  424  708
 50:    20 |  704  333  310  665  499  550  312  428  490  386  605  639  584  432  434  423  415  657  426  708
 51:    30 |  704  333  310  665  498  547  312  428  493  388  605  639  588  432  434  423  407  657  429  708
 52:    40 |  702  333  311  666  497  545  312  428  495  389  606  640  588  431  434  424  404  659  430  706
 53:    30 |  702  333  311  666  497  541  313  427  500  391  606  639  588  431  434  424  396  660  434  707
 54:    33 |  699  333  311  667  495  536  314  426  502  391  606  639  589  431  434  424  398  660  440  705
 55:    41 |  697  333  312  667  496  533  315  423  507  390  607  639  595  430  434  424  397  658  441  702
 56:    49 |  695  334  312  668  498  528  317  422  511  391  608  640  593  429  433  424  394  658  444  701
 57:    42 |  696  335  312  666  499  523  317  419  516  391  609  640  603  429  433  424  381  659  448  700
 58:    39 |  699  335  312  667  500  514  316  419  521  391  611  640  600  429  432  425  382  659  451  697
 59:    38 |  699  337  312  666  501  508  316  419  521  391  611  641  606  428  432  425  379  661  448  699
 60:    45 |  699  339  312  667  500  503  317  417  524  391  610  641  608  428  432  427  376  663  447  699
 61:    41 |  700  340  311  667  500  502  317  415  525  391  611  643  610  427  432  430  379  662  440  698
 62:    35 |  697  342  311  666  500  500  317  412  528  391  612  644  609  426  432  431  385  661  439  697
 63:    35 |  691  343  310  666  500  497  320  410  528  392  615  643  610  425  432  433  394  659  436  696
 64:    35 |  685  343  310  666  500  498  319  409  529  392  617  641  611  425  432  433  404  656  435  695
 65:    32 |  679  344  311  669  500  495  317  408  527  392  616  641  613  424  431  433  414  656  434  696
 66:    38 |  679  346  311  670  500  491  315  407  528  392  615  642  616  423  430  432  420  656  433  694
 67:    44 |  673  347  311  670  502  490  309  406  533  392  616  643  615  422  431  432  425  655  435  693
 68:    34 |  673  347  309  669  504  488  307  406  535  392  617  643  617  422  431  432  428  654  434  692
 69:    26 |  675  348  309  669  502  491  307  407  538  392  617  642  615  422  431  432  426  654  434  689
 70:    19 |  673  348  310  670  504  489  304  407  543  392  617  642  613  422  431  432  426  655  435  687
 71:    15 |  671  348  310  671  504  489  303  407  549  391  617  641  611  422  429  432  429  655  434  687
 72:    16 |  668  348  310  672  504  489  303  408  551  391  619  641  612  422  428  432  426  655  435  686
 73:    24 |  667  348  310  673  503  488  303  408  556  391  619  642  610  422  426  433  428  655  433  685
 74:    20 |  663  348  310  673  503  485  303  409  562  391  621  642  602  422  426  433  433  655  433  686
 75:    12 |  663  348  310  674  503  483  303  409  563  391  621  642  599  423  425  433  438  655  433  684
 76:    15 |  664  348  310  674  502  480  303  409  564  391  621  642  595  423  423  433  446  655  432  685
 77:    11 |  664  348  311  674  502  479  303  409  565  391  622  642  592  423  422  433  448  655  432  685
 78:     4 |  666  348  311  673  502  480  303  409  564  391  622  642  591  423  422  433  447  656  432  685
 79:     3 |  666  348  311  673  502  480  303  409  563  391  622  642  591  423  421  433  448  657  432  685
 80:     2 |  664  348  311  673  503  480  303  409  563  391  622  642  591  423  421  433  448  658  432  685
 81:     2 |  666  348  311  672  503  480  303  409  563  391  622  642  591  423  420  433  448  658  432  685
 82:     5 |  668  348  311  672  504  480  303  409  563  391  622  642  591  423  418  433  448  658  432  684
 83:     6 |  668  349  311  671  505  480  303  409  564  391  622  642  591  423  417  433  448  658  432  683
 84:    13 |  664  349  311  671  507  480  303  409  567  391  625  642  589  423  416  433  450  658  431  681
 85:    12 |  661  351  311  671  507  480  303  409  568  391  627  643  588  423  416  433  450  658  431  679
 86:    19 |  661  352  311  669  508  480  302  410  568  391  630  644  589  423  414  433  450  659  431  675
 87:    27 |  657  351  313  666  510  480  302  410  568  391  634  644  590  424  413  433  452  662  431  669
 88:    23 |  660  352  312  663  512  480  302  412  568  391  636  645  591  424  412  433  451  663  431  662
 89:    24 |  661  352  312  661  512  480  303  414  567  391  640  648  590  424  411  433  455  663  430  653
 90:    24 |  663  351  312  658  511  481  303  415  568  391  645  650  591  424  410  433  455  663  428  648
 91:    28 |  655  350  312  654  514  481  303  416  569  391  651  651  591  424  410  433  456  667  428  644
 92:    38 |  660  350  312  646  513  481  305  417  568  391  656  651  592  425  408  433  458  669  429  636
 93:    33 |  656  350  313  641  515  481  305  417  569  391  663  650  592  425  408  433  462  669  429  631
 94:    28 |  653  350  313  638  519  482  305  416  570  391  668  651  593  425  407  433  462  669  429  626
 95:    31 |  642  349  313  635  527  482  303  418  570  391  673  652  592  425  408  433  462  670  429  626
 96:    32 |  645  349  313  626  528  481  304  418  570  391  675  652  593  425  409  433  462  670  430  626
 97:    34 |  650  349  313  618  535  480  305  419  571  391  676  652  593  425  404  433  463  669  431  623
 98:    41 |  645  349  314  610  546  479  304  419  571  391  679  651  593  425  402  433  463  670  431  625
 99:    38 |  651  348  314  601  551  477  304  420  571  391  682  652  594  425  398  433  466  669  431  622
100:    26 |  647  347  314  599  557  476  303  419  571  391  685  653  594  425  398  433  467  669  431  621
101:    20 |  641  347  314  595  565  476  303  419  571  391  686  653  593  425  398  433  469  669  432  620
102:    23 |  634  346  314  597  571  476  303  419  571  391  688  653  592  425  396  433  470  669  433  619
103:    20 |  630  345  314  594  575  476  303  419  571  391  690  652  591  425  397  433  473  669  433  619
104:    23 |  623  346  314  591  582  476  304  419  571  391  692  651  590  425  396  433  474  669  433  620
105:    19 |  621  346  314  589  586  476  304  419  571  391  693  649  590  425  395  433  476  669  434  619
106:    14 |  619  346  315  588  589  476  304  419  571  391  694  649  591  425  393  434  475  669  433  619
107:    15 |  617  346  316  586  590  476  304  419  571  393  696  648  590  425  393  432  476  670  434  618
108:    12 |  615  346  316  586  590  476  305  419  571  394  698  648  589  425  395  430  477  670  435  615
109:    12 |  614  346  316  586  592  476  305  419  571  394  699  648  587  425  397  430  478  669  436  612
110:     7 |  613  346  316  585  594  476  305  419  571  394  700  648  585  425  397  430  479  669  436  612
111:     2 |  613  346  316  585  594  476  305  419  571  394  700  648  585  425  398  430  479  669  435  612
112:     0 |  613  346  316  585  594  476  305  419  571  394  700  648  585  425  398  430  479  669  435  612
CONVERGED: after 113 iterations

==CONFUSION MATRIX + COUNTS==
LABEL \ CLUST
       0    1    2    3    4    5    6    7    8    9   10   11   12   13   14   15   16   17   18   19  TOT
 0:    0   36    9    3    0    1    1   16    6  380    0    0   12   12    2  405    6    2   77    0  968
 1:    0    0    0    0    2    4    0    5    0    0  521  557    0    0    0    0    3    1    0    0 1093
 2:    6   12   28    1   18   13    1   16   20    0   55   34   16    2    8    9   91  646    0    5  981
 3:   15    4    1    2   17   30    0   17  486    1   32    1  308    0    2    1   64   10   11    0 1002
 4:   87   11    9   13  232    2  172   36    0    0   11   13    0    2    0    0    0    2    1  443 1034
 5:   10    9    1    0   23    1    8  282   23    4    5    0  168   12    1    6   13    2  315    9  892
 6:    0  271  267    0    0    0    3    3    0    4   21    3    2  396    0    2    0    0   11    0  983
 7:  217    0    1  400   40    1   17    9    0    0   19   24    0    0  372    0    1    3    0    9 1113
 8:   13    2    0    7    4  423   10   22   31    4   29   11   74    0    0    4  295    3   16    8  956
 9:  265    1    0  159  258    1   93   13    5    1    7    5    5    1   13    3    6    0    4  138  978
TOT  613  346  316  585  594  476  305  419  571  394  700  648  585  425  398  430  479  669  435  612 10000

Saving cluster labels to file outdirs/outdir_digits_all_1e4.txt_1/labels.txt
Saving cluster centers to outdirs/outdir_digits_all_1e4.txt_1/cent_0000.pgm ...
runtime: procs 1 data digits_all_1e4.txt realtime 16.95


>> ./kmeans_omp sample-mnist-data/digits_all_3e4.txt 20 outdirs/outdir_digits_all_3e4.txt_1 500
threads: 1
datafile: sample-mnist-data/digits_all_3e4.txt
nclust: 20
savedir: outdirs/outdir_digits_all_3e4.txt_1
ndata: 30000
dim: 784

==CLUSTERING: MAXITER 500==
ITER NCHANGE CLUST_COUNTS
  1: 27318 |  529  328 1732 1400  490  598 2988 1689 1043 3017 2786 1435 1292  609 1865 1043 1483 2434 1670 1569
  2: 11588 | 1179  892 1932 1620 1151  966 2709 1626  395 2328 1432 1233 2004  934 1478 1152 1797 1985 1849 1338
  3:  5761 | 1290 1303 1678 1704 1281 1119 2389 1425  944 2168 1318 1393 1609 1195 1357 1132 1939 1675 1759 1322
  4:  3587 | 1293 1542 1622 1798 1252 1196 2111 1503 1149 2113 1186 1350 1486 1368 1468 1172 2016 1461 1640 1274
  5:  2465 | 1242 1714 1616 1868 1191 1214 1933 1635 1220 2097 1066 1305 1433 1404 1620 1169 2039 1421 1559 1254
  6:  1797 | 1170 1820 1616 1884 1156 1214 1794 1695 1319 2076 1005 1270 1412 1422 1768 1168 2038 1426 1457 1290
  7:  1465 | 1078 1884 1601 1885 1194 1194 1697 1734 1415 2078  965 1243 1388 1424 1922 1165 2012 1430 1388 1303
  8:  1256 | 1035 1903 1570 1888 1206 1159 1628 1771 1497 2073  945 1214 1355 1416 2074 1173 2003 1438 1343 1309
  9:  1115 | 1009 1914 1535 1886 1205 1142 1584 1783 1565 2047  932 1193 1334 1403 2205 1174 2014 1435 1325 1315
 10:  1068 |  990 1944 1498 1867 1169 1174 1547 1797 1635 1996  927 1173 1331 1399 2291 1184 2013 1428 1318 1319
 11:  1055 |  972 1962 1466 1856 1139 1203 1553 1774 1722 1923  931 1146 1344 1388 2362 1191 2013 1411 1315 1329
 12:  1112 | 1000 1974 1437 1856 1108 1257 1561 1711 1780 1803  940 1130 1362 1366 2421 1219 2019 1394 1320 1342
 13:  1015 | 1029 1982 1420 1860 1103 1255 1606 1617 1837 1684  991 1117 1375 1338 2452 1252 2022 1357 1324 1379
 14:   961 | 1058 1987 1407 1862 1127 1240 1645 1497 1868 1570 1081 1100 1392 1319 2483 1284 2026 1328 1324 1402
 15:   865 | 1075 1975 1397 1872 1158 1242 1676 1382 1869 1473 1144 1087 1412 1290 2538 1308 2040 1301 1334 1427
 16:   678 | 1107 1967 1389 1866 1196 1241 1683 1291 1867 1378 1202 1081 1428 1263 2595 1332 2046 1284 1345 1439
 17:   541 | 1125 1958 1383 1875 1230 1239 1684 1226 1881 1299 1242 1076 1438 1252 2634 1344 2040 1281 1350 1443
 18:   483 | 1150 1954 1375 1897 1254 1238 1669 1173 1891 1221 1291 1069 1444 1245 2657 1356 2032 1283 1358 1443
 19:   390 | 1180 1940 1381 1904 1267 1234 1649 1131 1904 1164 1339 1070 1447 1233 2671 1360 2028 1292 1364 1442
 20:   309 | 1197 1928 1381 1917 1272 1236 1636 1122 1896 1116 1390 1073 1449 1227 2682 1357 2020 1290 1367 1444
 21:   270 | 1206 1922 1381 1933 1278 1239 1619 1124 1899 1085 1423 1072 1449 1221 2687 1348 2007 1290 1367 1450
 22:   243 | 1211 1919 1381 1941 1278 1247 1605 1113 1902 1055 1470 1074 1445 1216 2687 1337 1998 1294 1369 1458
 23:   213 | 1210 1921 1381 1945 1278 1247 1591 1107 1911 1031 1506 1077 1442 1218 2677 1330 1986 1299 1372 1471
 24:   201 | 1207 1921 1378 1951 1281 1253 1584 1090 1910 1010 1529 1080 1443 1219 2679 1321 1974 1304 1374 1492
 25:   200 | 1199 1921 1374 1955 1282 1257 1576 1071 1914  994 1551 1082 1441 1218 2681 1323 1970 1309 1375 1507
 26:   199 | 1191 1917 1371 1957 1284 1270 1570 1057 1908  978 1578 1080 1439 1216 2669 1325 1967 1316 1376 1531
 27:   200 | 1185 1914 1368 1957 1284 1277 1569 1033 1911  964 1591 1080 1436 1216 2661 1329 1966 1322 1375 1562
 28:   224 | 1175 1910 1361 1957 1282 1291 1566 1024 1914  953 1593 1080 1432 1213 2644 1333 1963 1326 1378 1605
 29:   248 | 1161 1901 1357 1958 1283 1321 1564  988 1911  958 1607 1083 1431 1214 2622 1332 1962 1328 1377 1642
 30:   287 | 1149 1889 1353 1957 1284 1355 1564  957 1912  961 1606 1088 1430 1214 2582 1336 1961 1339 1377 1686
 31:   335 | 1135 1871 1350 1960 1285 1388 1568  934 1914  953 1599 1091 1433 1214 2543 1341 1956 1348 1376 1741
 32:   387 | 1116 1841 1341 1957 1285 1432 1579  919 1910  945 1616 1098 1440 1215 2512 1341 1946 1348 1377 1782
 33:   401 | 1090 1820 1338 1956 1285 1494 1583  927 1913  932 1624 1106 1441 1218 2482 1350 1939 1348 1380 1774
 34:   401 | 1075 1792 1326 1955 1286 1546 1592  936 1911  921 1634 1110 1443 1216 2464 1357 1934 1345 1385 1772
 35:   439 | 1060 1755 1314 1958 1288 1600 1599  948 1924  915 1643 1120 1448 1216 2439 1360 1933 1340 1387 1753
 36:   433 | 1045 1733 1298 1961 1293 1620 1602  962 1958  914 1646 1132 1453 1215 2402 1371 1936 1338 1391 1730
 37:   374 | 1030 1713 1291 1966 1298 1635 1608  961 1985  920 1650 1136 1455 1220 2363 1380 1942 1342 1398 1707
 38:   318 | 1017 1689 1286 1975 1301 1662 1617  962 2006  921 1656 1137 1452 1220 2334 1388 1950 1342 1410 1675
 39:   292 | 1010 1665 1279 1974 1303 1685 1626  963 2022  917 1652 1144 1450 1220 2314 1399 1963 1346 1425 1643
 40:   206 | 1005 1650 1277 1969 1306 1683 1631  962 2038  919 1653 1151 1449 1218 2299 1409 1973 1345 1435 1628
 41:   206 | 1000 1641 1273 1961 1310 1700 1633  963 2053  915 1652 1155 1449 1221 2281 1424 1985 1345 1442 1597
 42:   204 |  997 1631 1272 1954 1311 1711 1633  962 2070  914 1648 1151 1448 1219 2282 1434 1987 1349 1445 1582
 43:   175 |  994 1634 1271 1947 1311 1716 1633  959 2079  917 1645 1146 1450 1220 2269 1444 1988 1351 1454 1572
 44:   166 |  989 1631 1269 1944 1315 1718 1628  963 2086  918 1643 1144 1450 1220 2259 1463 1992 1352 1457 1559
 45:   133 |  987 1628 1267 1940 1317 1709 1628  965 2101  917 1642 1141 1451 1220 2255 1473 1995 1353 1459 1552
 46:   109 |  991 1617 1262 1937 1317 1697 1621  966 2120  912 1643 1141 1451 1221 2262 1480 1996 1354 1462 1550
 47:    94 |  991 1612 1259 1935 1317 1677 1613  965 2134  913 1642 1141 1452 1222 2256 1496 2004 1353 1467 1551
 48:    90 |  990 1609 1259 1934 1320 1663 1612  965 2138  913 1642 1140 1451 1223 2254 1510 2006 1354 1470 1547
 49:    72 |  990 1602 1258 1936 1320 1655 1613  967 2136  913 1643 1138 1452 1224 2251 1518 2008 1353 1474 1549
 50:    72 |  989 1600 1258 1939 1318 1643 1612  969 2139  913 1642 1136 1455 1224 2249 1529 2008 1353 1477 1547
 51:    53 |  989 1599 1257 1938 1319 1634 1611  969 2141  913 1644 1134 1455 1224 2249 1542 2003 1353 1479 1547
 52:    52 |  989 1596 1257 1938 1318 1628 1611  970 2140  913 1644 1131 1456 1224 2247 1552 2003 1354 1484 1545
 53:    41 |  989 1598 1257 1936 1319 1626 1606  970 2141  913 1642 1131 1456 1223 2242 1559 2003 1354 1490 1545
 54:    39 |  989 1596 1258 1936 1322 1623 1602  970 2133  913 1641 1130 1456 1221 2242 1572 2003 1354 1495 1544
 55:    28 |  989 1596 1258 1937 1325 1619 1601  970 2134  913 1641 1129 1455 1221 2239 1575 2002 1354 1497 1545
 56:    23 |  989 1597 1258 1937 1323 1618 1598  971 2137  913 1642 1128 1454 1221 2239 1576 2002 1354 1499 1544
 57:    14 |  989 1597 1258 1937 1322 1620 1596  970 2134  914 1642 1128 1455 1222 2239 1578 2003 1354 1500 1542
 58:    11 |  990 1597 1258 1937 1322 1617 1596  970 2133  913 1642 1128 1455 1222 2239 1579 2003 1354 1502 1543
 59:    13 |  989 1597 1258 1937 1322 1615 1594  970 2131  913 1642 1128 1454 1222 2240 1583 2004 1354 1503 1544
 60:    21 |  989 1597 1258 1937 1322 1612 1592  970 2128  913 1643 1128 1455 1222 2241 1587 2004 1354 1503 1545
 61:    19 |  989 1597 1258 1938 1324 1606 1593  970 2131  913 1642 1128 1456 1222 2239 1589 2003 1354 1503 1545
 62:    18 |  989 1599 1258 1938 1325 1602 1593  971 2128  913 1642 1128 1457 1222 2239 1593 2002 1354 1505 1542
 63:    15 |  989 1599 1258 1938 1324 1601 1593  971 2126  913 1644 1128 1457 1222 2240 1596 2002 1354 1505 1540
 64:    14 |  989 1599 1258 1938 1324 1603 1593  971 2125  913 1644 1127 1456 1220 2240 1601 2001 1354 1505 1539
 65:    12 |  989 1599 1258 1938 1324 1605 1592  971 2125  913 1644 1127 1455 1219 2240 1603 2001 1354 1505 1538
 66:     7 |  989 1599 1258 1938 1324 1608 1592  971 2121  913 1644 1126 1454 1219 2240 1606 2001 1354 1506 1537
 67:    11 |  989 1599 1257 1938 1325 1607 1592  971 2116  913 1644 1126 1454 1219 2241 1610 2001 1354 1507 1537
 68:    13 |  989 1598 1257 1938 1325 1606 1593  971 2117  913 1644 1126 1454 1218 2242 1611 1998 1354 1508 1538
 69:    12 |  989 1598 1257 1938 1324 1604 1594  972 2113  913 1644 1126 1454 1218 2242 1612 1998 1355 1508 1541
 70:    15 |  988 1598 1257 1940 1324 1602 1594  973 2108  913 1644 1126 1455 1218 2242 1616 1997 1355 1510 1540
 71:    14 |  989 1599 1257 1940 1324 1601 1593  972 2106  914 1644 1125 1455 1218 2242 1618 1997 1355 1512 1539
 72:    18 |  989 1598 1257 1941 1324 1597 1595  972 2105  915 1646 1124 1455 1219 2242 1617 1995 1355 1514 1540
 73:    21 |  988 1598 1256 1941 1324 1597 1593  971 2101  916 1647 1124 1455 1219 2242 1624 1995 1355 1515 1539
 74:    26 |  987 1597 1256 1940 1324 1596 1593  974 2093  916 1648 1125 1456 1219 2242 1627 1996 1355 1517 1539
 75:    14 |  986 1597 1256 1940 1324 1595 1592  976 2086  916 1649 1125 1457 1219 2242 1630 1996 1355 1519 1540
 76:    12 |  985 1597 1256 1940 1324 1594 1593  976 2080  916 1651 1125 1457 1219 2242 1634 1996 1355 1520 1540
 77:    18 |  984 1597 1256 1939 1324 1589 1593  976 2083  916 1651 1125 1456 1219 2242 1638 1996 1354 1521 1541
 78:    13 |  983 1598 1256 1939 1324 1589 1594  976 2080  916 1651 1125 1455 1220 2242 1637 1996 1355 1522 1542
 79:     6 |  983 1598 1256 1939 1323 1587 1597  976 2078  916 1651 1125 1455 1221 2242 1637 1996 1355 1522 1543
 80:     6 |  983 1599 1256 1939 1324 1587 1598  976 2076  916 1651 1124 1455 1221 2242 1638 1996 1355 1522 1542
 81:     8 |  983 1600 1255 1939 1324 1586 1599  976 2076  916 1650 1124 1455 1221 2242 1640 1996 1355 1522 1541
 82:    12 |  983 1600 1255 1939 1324 1585 1601  976 2073  916 1649 1124 1453 1221 2243 1645 1996 1355 1522 1540
 83:     9 |  983 1600 1255 1939 1324 1585 1602  976 2071  916 1649 1124 1452 1220 2242 1649 1996 1355 1522 1540
 84:     6 |  983 1600 1255 1939 1324 1586 1604  976 2068  916 1649 1124 1452 1219 2241 1651 1996 1355 1522 1540
 85:     5 |  983 1600 1255 1939 1323 1586 1605  976 2067  915 1649 1124 1452 1220 2241 1652 1996 1355 1522 1540
 86:     5 |  983 1600 1255 1939 1322 1588 1605  977 2066  915 1649 1124 1452 1220 2241 1652 1996 1355 1522 1539
 87:     3 |  983 1600 1255 1939 1320 1588 1606  977 2065  915 1649 1124 1452 1221 2241 1652 1997 1355 1522 1539
 88:     2 |  983 1600 1255 1939 1320 1588 1606  977 2066  915 1649 1124 1452 1222 2240 1652 1997 1355 1522 1538
 89:     4 |  983 1601 1255 1939 1320 1588 1607  977 2066  915 1649 1124 1453 1222 2239 1652 1997 1355 1522 1536
 90:     3 |  983 1602 1255 1939 1320 1587 1607  977 2067  915 1649 1124 1453 1222 2239 1651 1997 1355 1522 1536
 91:     1 |  983 1602 1255 1939 1320 1586 1607  977 2068  915 1649 1124 1453 1222 2239 1651 1997 1355 1522 1536
 92:     1 |  983 1602 1255 1939 1320 1585 1607  977 2069  915 1649 1124 1453 1222 2239 1651 1997 1355 1522 1536
 93:     2 |  983 1602 1255 1939 1320 1586 1608  977 2068  915 1649 1123 1453 1222 2239 1651 1997 1355 1522 1536
 94:     1 |  983 1602 1255 1939 1320 1586 1609  977 2067  915 1649 1123 1453 1222 2239 1651 1997 1355 1522 1536
 95:     0 |  983 1602 1255 1939 1320 1586 1609  977 2067  915 1649 1123 1453 1222 2239 1651 1997 1355 1522 1536
CONVERGED: after 96 iterations

==CONFUSION MATRIX + COUNTS==
LABEL \ CLUST
       0    1    2    3    4    5    6    7    8    9   10   11   12   13   14   15   16   17   18   19  TOT
 0:  933    1    2    0    4    6   16  858   30  872   51    1    0   17    4    4    7   27    0  128 2961
 1:    0    0    1    2   14    4    0    0   15    0    3  893 1235    0    7    2    0    2 1242    3 3423
 2:    3    1   15   26 1240   65   13   24   20    9   40   65   46 1100   61   32   45   18   53   72 2948
 3:    5    2    6   11   30   93  778    8  616    2    6   12   21   54   63 1217   17    6   64   62 3073
 4:    1  967    1  187    0    1    0    0    5    1   36   43   22   16  590    0  903   29   13  111 2926
 5:    7   31    1   10    1   80  517   36  592    6   40    3    3    2   70  321   51   16   21  901 2709
 6:   15    2    0    0   15    1    9   34   15   20 1455    7   22    5    9    2   24 1241   21   78 2975
 7:    2   36 1191 1097    8    3    0    0    1    1    0   52   50    9  410    0  188    2   33   24 3107
 8:    9   40    1   26    8 1328  259   12  726    3   15   38   37    9   65   62   29   10   59  139 2875
 9:    8  522   37  580    0    5   17    5   47    1    3    9   17   10  960   11  733    4   16   18 3003
TOT  983 1602 1255 1939 1320 1586 1609  977 2067  915 1649 1123 1453 1222 2239 1651 1997 1355 1522 1536 30000

Saving cluster labels to file outdirs/outdir_digits_all_3e4.txt_1/labels.txt
Saving cluster centers to outdirs/outdir_digits_all_3e4.txt_1/cent_0000.pgm ...
runtime: procs 1 data digits_all_3e4.txt realtime 43.53


>> ./kmeans_omp sample-mnist-data/digits_all_5e3.txt 20 outdirs/outdir_digits_all_5e3.txt_4 500
threads: 4
datafile: sample-mnist-data/digits_all_5e3.txt
nclust: 20
savedir: outdirs/outdir_digits_all_5e3.txt_4
ndata: 5000
dim: 784

==CLUSTERING: MAXITER 500==
ITER NCHANGE CLUST_COUNTS
  1:  4484 |  335  107  277  308  369  141   60  122  468   30   98  343   95  240  550  523  159  195  226  354
  2:  1886 |  297  179  287  210  391  260  125  233  303  154  231  254  186  211  340  282  106  133  340  478
  3:   976 |  252  201  234  221  368  261  200  300  284  182  229  231  167  248  293  195  149  126  351  508
  4:   632 |  221  206  213  273  333  258  249  307  288  179  235  238  167  275  253  159  162  151  332  501
  5:   362 |  217  206  209  308  301  262  291  308  279  178  235  227  172  290  221  140  172  155  339  490
  6:   212 |  215  207  207  333  282  257  319  309  274  172  232  228  174  300  196  144  174  152  346  479
  7:   130 |  211  213  204  344  271  253  338  310  277  170  227  230  181  306  180  140  179  149  349  468
  8:    91 |  211  214  203  352  262  246  348  315  281  167  225  232  188  306  171  138  183  152  348  458
  9:    67 |  212  215  203  358  256  240  356  319  281  165  222  233  194  304  168  139  186  153  347  449
 10:    52 |  215  215  202  362  252  234  362  323  283  166  219  235  200  304  165  137  189  153  345  439
 11:    45 |  215  217  199  369  245  231  368  323  283  167  219  237  202  304  165  138  192  153  345  428
 12:    41 |  216  217  198  373  241  228  369  323  283  165  219  238  204  305  165  138  191  158  346  423
 13:    36 |  216  219  195  379  237  228  374  322  283  164  219  238  205  306  165  137  191  160  347  415
 14:    34 |  216  219  193  385  234  228  376  322  283  162  218  237  206  307  165  140  190  161  346  412
 15:    28 |  216  219  191  390  233  227  377  322  284  164  218  237  208  305  165  145  189  156  345  409
 16:    30 |  216  220  192  393  229  226  381  322  284  165  217  237  209  305  165  152  189  149  343  406
 17:    18 |  216  222  191  392  229  224  380  322  284  164  217  237  211  303  166  159  189  145  343  406
 18:    11 |  217  222  191  392  229  223  380  321  284  163  217  237  213  304  165  165  189  139  343  406
 19:     9 |  218  222  191  392  229  223  380  321  284  162  217  237  214  303  164  168  189  137  343  406
 20:     6 |  217  222  191  392  229  222  380  321  284  163  217  238  216  303  164  168  189  135  343  406
 21:     8 |  216  222  191  392  229  221  380  321  284  163  217  238  218  302  164  168  189  135  344  406
 22:     5 |  214  222  191  392  229  221  380  321  284  163  217  240  218  302  164  168  189  136  343  406
 23:     8 |  212  221  191  392  229  221  380  321  284  163  217  242  218  302  163  166  189  138  344  407
 24:    10 |  210  221  191  392  229  221  380  321  284  163  217  244  218  300  162  167  189  139  344  408
 25:     4 |  212  221  191  392  229  221  380  321  284  163  218  244  218  299  160  167  189  140  344  407
 26:     3 |  213  222  191  392  229  222  380  321  284  163  218  244  218  297  159  167  189  140  344  407
 27:     4 |  212  223  191  392  229  220  379  321  284  163  218  245  220  297  159  167  189  140  344  407
 28:     6 |  212  222  191  393  229  221  378  321  284  163  218  246  221  297  158  166  189  140  344  407
 29:     4 |  211  223  191  392  229  222  378  320  284  163  218  246  222  297  158  166  189  140  344  407
 30:     5 |  210  225  192  391  229  222  378  319  284  163  218  247  222  297  158  166  189  140  344  406
 31:     3 |  210  226  193  391  229  221  378  318  284  163  218  247  223  297  158  165  189  140  344  406
 32:     1 |  210  226  193  391  229  221  378  318  285  163  218  247  222  297  158  165  189  140  344  406
 33:     0 |  210  226  193  391  229  221  378  318  285  163  218  247  222  297  158  165  189  140  344  406
CONVERGED: after 34 iterations

==CONFUSION MATRIX + COUNTS==
LABEL \ CLUST
       0    1    2    3    4    5    6    7    8    9   10   11   12   13   14   15   16   17   18   19  TOT
 0:    0   12    7    1    1    3    1    0    0  159    0    0    0   15    0  142    6  133    7    2  489
 1:  179    2    0    0    0    0    0    1    0    0    0  217    1    1  128    0    1    0    0    0  530
 2:    0    2    3    2    0  209   23    8    3    0    4    2  209    1    8    3    7    1    5    3  493
 3:    2   15    0    0    0    3   25   13  164    0    0    0    5    1    5    0   35    1  239    1  509
 4:    4   13    2  260  125    1   67    2    0    0    0   11    0    2    3    0    0    0    0    9  499
 5:    0  161    0    3    2    1   49   13   99    0    0    2    2    8    2   11   32    1   72    0  458
 6:    5    8  181    1    1    0    2    1    2    2    0    0    3  269    1    3    1    2    0    0  482
 7:    9    2    0    5    4    2   41    0    0    0  206    8    0    0    4    0    0    0    0  282  563
 8:    7    7    0    0    1    2   34  279   15    1    0    4    2    0    7    5  103    1   17    9  494
 9:    4    4    0  119   95    0  136    1    2    1    8    3    0    0    0    1    4    1    4  100  483
TOT  210  226  193  391  229  221  378  318  285  163  218  247  222  297  158  165  189  140  344  406 5000

Saving cluster labels to file outdirs/outdir_digits_all_5e3.txt_4/labels.txt
Saving cluster centers to outdirs/outdir_digits_all_5e3.txt_4/cent_0000.pgm ...
runtime: procs 4 data digits_all_5e3.txt realtime 1.01


>> ./kmeans_omp sample-mnist-data/digits_all_1e4.txt 20 outdirs/outdir_digits_all_1e4.txt_4 500
threads: 4
datafile: sample-mnist-data/digits_all_1e4.txt
nclust: 20
savedir: outdirs/outdir_digits_all_1e4.txt_4
ndata: 10000
dim: 784

==CLUSTERING: MAXITER 500==
ITER NCHANGE CLUST_COUNTS
  1:  8990 |  404   80  508  512  771  536  217  429  509  552  583  974  233  582  830  627  478  495  430  250
  2:  3223 |  403  278  407  592  685  592  271  348  487  595  630  861  309  457  675  514  371  560  427  538
  3:  1402 |  527  297  352  538  584  568  323  514  481  624  599  762  335  422  606  500  372  591  377  628
  4:   763 |  604  294  338  508  549  568  319  598  471  628  590  697  363  415  573  481  376  599  379  650
  5:   576 |  632  293  324  506  525  572  324  618  461  614  594  660  372  415  544  492  387  604  388  675
  6:   476 |  656  299  307  521  502  579  341  607  471  595  588  649  374  428  514  482  395  601  404  687
  7:   400 |  689  303  305  550  484  586  344  580  477  576  591  642  373  423  489  467  407  600  425  689
  8:   345 |  707  310  301  582  472  596  341  571  464  548  596  636  380  421  469  455  424  602  439  686
  9:   262 |  717  308  302  610  460  599  338  572  464  515  596  633  389  421  449  457  435  607  442  686
 10:   199 |  719  312  305  629  448  600  334  566  464  488  597  633  393  427  442  452  445  612  448  686
 11:   163 |  721  316  311  642  445  593  331  557  475  470  598  633  398  428  439  451  449  614  445  684
 12:   138 |  722  321  314  646  444  590  328  554  475  453  599  638  405  426  436  448  458  616  442  685
 13:   103 |  721  323  315  654  443  590  328  539  472  439  601  640  406  427  434  447  466  617  450  688
 14:   108 |  721  325  313  661  445  593  325  530  467  422  602  642  415  430  434  450  475  621  440  689
 15:   111 |  720  326  312  665  454  596  320  512  455  412  603  642  424  431  434  451  480  625  441  697
 16:   117 |  729  326  309  673  460  599  316  490  444  402  600  642  436  432  432  450  479  627  451  703
 17:   105 |  726  324  308  671  464  599  315  478  434  398  598  643  443  433  433  449  483  626  464  711
 18:   107 |  726  325  308  674  474  598  313  465  424  390  596  643  452  429  433  451  486  630  474  709
 19:    91 |  726  324  307  680  480  594  314  455  424  385  593  642  457  428  433  450  486  634  480  708
 20:    70 |  727  324  307  679  481  592  316  453  427  382  595  641  464  426  433  452  486  636  471  708
 21:    68 |  727  324  307  677  480  589  317  451  430  381  595  642  476  426  433  450  479  638  470  708
 22:    62 |  727  323  307  677  482  586  318  448  435  381  594  644  486  427  433  447  474  639  466  706
 23:    72 |  728  324  307  676  484  583  318  447  438  381  593  645  500  424  431  446  469  642  459  705
 24:    69 |  731  323  306  674  486  582  319  445  445  380  591  643  511  423  430  445  461  646  454  705
 25:    73 |  729  321  306  670  490  581  319  443  456  381  591  642  516  423  430  445  453  649  450  705
 26:    64 |  723  320  306  671  493  579  319  442  458  380  592  642  517  423  427  444  456  651  449  708
 27:    63 |  721  319  308  670  493  578  318  440  466  380  594  642  520  423  428  441  455  653  443  708
 28:    56 |  721  321  308  670  492  577  319  437  474  380  597  641  523  424  428  438  455  651  435  709
 29:    43 |  716  323  308  669  493  576  320  437  478  380  597  642  526  425  428  433  454  651  435  709
 30:    42 |  712  324  309  670  496  575  320  434  482  380  597  641  528  425  427  432  454  651  434  709
 31:    18 |  713  324  310  670  496  575  320  433  482  379  598  640  529  426  427  432  454  652  432  708
 32:    18 |  713  325  310  669  496  575  320  429  482  379  598  640  530  426  427  432  455  653  431  710
 33:    19 |  714  325  310  668  496  575  320  427  484  379  598  640  527  427  427  431  454  653  434  711
 34:    16 |  715  325  310  666  496  575  320  426  481  379  598  640  531  428  427  430  452  654  436  711
 35:    18 |  716  325  310  666  496  572  320  426  480  379  598  640  536  430  427  430  450  653  436  710
 36:    12 |  716  325  310  665  496  572  320  427  480  379  598  640  541  430  428  430  447  652  435  709
 37:    16 |  714  326  310  666  496  571  320  427  483  379  598  640  546  430  428  430  448  652  428  708
 38:    16 |  711  326  310  666  498  570  320  427  484  379  599  640  551  431  428  430  445  652  425  708
 39:    19 |  711  326  310  666  500  569  319  426  485  379  599  640  558  431  428  430  442  653  421  707
 40:    11 |  710  326  310  666  499  568  319  426  487  379  599  640  559  431  429  429  440  655  421  707
 41:    10 |  710  327  310  666  499  567  318  426  487  379  599  640  564  431  430  429  436  655  420  707
 42:    14 |  709  329  310  666  499  566  316  426  487  379  599  640  568  431  431  429  435  655  418  707
 43:     9 |  709  329  310  666  499  565  314  426  488  379  599  640  569  431  433  429  433  655  419  707
 44:    15 |  709  329  310  666  499  565  313  426  488  379  599  640  576  431  434  428  426  654  421  707
 45:    18 |  708  329  309  665  499  562  312  426  488  381  599  640  578  431  434  427  427  655  422  708
 46:    16 |  708  330  309  665  499  560  312  427  488  382  599  640  577  431  434  426  428  655  422  708
 47:    17 |  708  332  309  665  499  557  312  428  489  383  599  640  580  431  434  424  426  655  421  708
 48:    22 |  705  332  309  665  499  555  312  428  490  383  600  640  585  432  434  424  423  655  421  708
 49:    28 |  706  333  309  665  499  552  312  428  490  386  603  639  583  432  434  423  417  657  424  708
 50:    20 |  704  333  310  665  499  550  312  428  490  386  605  639  584  432  434  423  415  657  426  708
 51:    30 |  704  333  310  665  498  547  312  428  493  388  605  639  588  432  434  423  407  657  429  708
 52:    40 |  702  333  311  666  497  545  312  428  495  389  606  640  588  431  434  424  404  659  430  706
 53:    30 |  702  333  311  666  497  541  313  427  500  391  606  639  588  431  434  424  396  660  434  707
 54:    33 |  699  333  311  667  495  536  314  426  502  391  606  639  589  431  434  424  398  660  440  705
 55:    41 |  697  333  312  667  496  533  315  423  507  390  607  639  595  430  434  424  397  658  441  702
 56:    49 |  695  334  312  668  498  528  317  422  511  391  608  640  593  429  433  424  394  658  444  701
 57:    42 |  696  335  312  666  499  523  317  419  516  391  609  640  603  429  433  424  381  659  448  700
 58:    39 |  699  335  312  667  500  514  316  419  521  391  611  640  600  429  432  425  382  659  451  697
 59:    38 |  699  337  312  666  501  508  316  419  521  391  611  641  606  428  432  425  379  661  448  699
 60:    45 |  699  339  312  667  500  503  317  417  524  391  610  641  608  428  432  427  376  663  447  699
 61:    41 |  700  340  311  667  500  502  317  415  525  391  611  643  610  427  432  430  379  662  440  698
 62:    35 |  697  342  311  666  500  500  317  412  528  391  612  644  609  426  432  431  385  661  439  697
 63:    35 |  691  343  310  666  500  497  320  410  528  392  615  643  610  425  432  433  394  659  436  696
 64:    35 |  685  343  310  666  500  498  319  409  529  392  617  641  611  425  432  433  404  656  435  695
 65:    32 |  679  344  311  669  500  495  317  408  527  392  616  641  613  424  431  433  414  656  434  696
 66:    38 |  679  346  311  670  500  491  315  407  528  392  615  642  616  423  430  432  420  656  433  694
 67:    44 |  673  347  311  670  502  490  309  406  533  392  616  643  615  422  431  432  425  655  435  693
 68:    34 |  673  347  309  669  504  488  307  406  535  392  617  643  617  422  431  432  428  654  434  692
 69:    26 |  675  348  309  669  502  491  307  407  538  392  617  642  615  422  431  432  426  654  434  689
 70:    19 |  673  348  310  670  504  489  304  407  543  392  617  642  613  422  431  432  426  655  435  687
 71:    15 |  671  348  310  671  504  489  303  407  549  391  617  641  611  422  429  432  429  655  434  687
 72:    16 |  668  348  310  672  504  489  303  408  551  391  619  641  612  422  428  432  426  655  435  686
 73:    24 |  667  348  310  673  503  488  303  408  556  391  619  642  610  422  426  433  428  655  433  685
 74:    20 |  663  348  310  673  503  485  303  409  562  391  621  642  602  422  426  433  433  655  433  686
 75:    12 |  663  348  310  674  503  483  303  409  563  391  621  642  599  423  425  433  438  655  433  684
 76:    15 |  664  348  310  674  502  480  303  409  564  391  621  642  595  423  423  433  446  655  432  685
 77:    11 |  664  348  311  674  502  479  303  409  565  391  622  642  592  423  422  433  448  655  432  685
 78:     4 |  666  348  311  673  502  480  303  409  564  391  622  642  591  423  422  433  447  656  432  685
 79:     3 |  666  348  311  673  502  480  303  409  563  391  622  642  591  423  421  433  448  657  432  685
 80:     2 |  664  348  311  673  503  480  303  409  563  391  622  642  591  423  421  433  448  658  432  685
 81:     2 |  666  348  311  672  503  480  303  409  563  391  622  642  591  423  420  433  448  658  432  685
 82:     5 |  668  348  311  672  504  480  303  409  563  391  622  642  591  423  418  433  448  658  432  684
 83:     6 |  668  349  311  671  505  480  303  409  564  391  622  642  591  423  417  433  448  658  432  683
 84:    13 |  664  349  311  671  507  480  303  409  567  391  625  642  589  423  416  433  450  658  431  681
 85:    12 |  661  351  311  671  507  480  303  409  568  391  627  643  588  423  416  433  450  658  431  679
 86:    19 |  661  352  311  669  508  480  302  410  568  391  630  644  589  423  414  433  450  659  431  675
 87:    27 |  657  351  313  666  510  480  302  410  568  391  634  644  590  424  413  433  452  662  431  669
 88:    23 |  660  352  312  663  512  480  302  412  568  391  636  645  591  424  412  433  451  663  431  662
 89:    24 |  661  352  312  661  512  480  303  414  567  391  640  648  590  424  411  433  455  663  430  653
 90:    24 |  663  351  312  658  511  481  303  415  568  391  645  650  591  424  410  433  455  663  428  648
 91:    28 |  655  350  312  654  514  481  303  416  569  391  651  651  591  424  410  433  456  667  428  644
 92:    38 |  660  350  312  646  513  481  305  417  568  391  656  651  592  425  408  433  458  669  429  636
 93:    33 |  656  350  313  641  515  481  305  417  569  391  663  650  592  425  408  433  462  669  429  631
 94:    28 |  653  350  313  638  519  482  305  416  570  391  668  651  593  425  407  433  462  669  429  626
 95:    31 |  642  349  313  635  527  482  303  418  570  391  673  652  592  425  408  433  462  670  429  626
 96:    32 |  645  349  313  626  528  481  304  418  570  391  675  652  593  425  409  433  462  670  430  626
 97:    34 |  650  349  313  618  535  480  305  419  571  391  676  652  593  425  404  433  463  669  431  623
 98:    41 |  645  349  314  610  546  479  304  419  571  391  679  651  593  425  402  433  463  670  431  625
 99:    38 |  651  348  314  601  551  477  304  420  571  391  682  652  594  425  398  433  466  669  431  622
100:    26 |  647  347  314  599  557  476  303  419  571  391  685  653  594  425  398  433  467  669  431  621
101:    20 |  641  347  314  595  565  476  303  419  571  391  686  653  593  425  398  433  469  669  432  620
102:    23 |  634  346  314  597  571  476  303  419  571  391  688  653  592  425  396  433  470  669  433  619
103:    20 |  630  345  314  594  575  476  303  419  571  391  690  652  591  425  397  433  473  669  433  619
104:    23 |  623  346  314  591  582  476  304  419  571  391  692  651  590  425  396  433  474  669  433  620
105:    19 |  621  346  314  589  586  476  304  419  571  391  693  649  590  425  395  433  476  669  434  619
106:    14 |  619  346  315  588  589  476  304  419  571  391  694  649  591  425  393  434  475  669  433  619
107:    15 |  617  346  316  586  590  476  304  419  571  393  696  648  590  425  393  432  476  670  434  618
108:    12 |  615  346  316  586  590  476  305  419  571  394  698  648  589  425  395  430  477  670  435  615
109:    12 |  614  346  316  586  592  476  305  419  571  394  699  648  587  425  397  430  478  669  436  612
110:     7 |  613  346  316  585  594  476  305  419  571  394  700  648  585  425  397  430  479  669  436  612
111:     2 |  613  346  316  585  594  476  305  419  571  394  700  648  585  425  398  430  479  669  435  612
112:     0 |  613  346  316  585  594  476  305  419  571  394  700  648  585  425  398  430  479  669  435  612
CONVERGED: after 113 iterations

==CONFUSION MATRIX + COUNTS==
LABEL \ CLUST
       0    1    2    3    4    5    6    7    8    9   10   11   12   13   14   15   16   17   18   19  TOT
 0:    0   36    9    3    0    1    1   16    6  380    0    0   12   12    2  405    6    2   77    0  968
 1:    0    0    0    0    2    4    0    5    0    0  521  557    0    0    0    0    3    1    0    0 1093
 2:    6   12   28    1   18   13    1   16   20    0   55   34   16    2    8    9   91  646    0    5  981
 3:   15    4    1    2   17   30    0   17  486    1   32    1  308    0    2    1   64   10   11    0 1002
 4:   87   11    9   13  232    2  172   36    0    0   11   13    0    2    0    0    0    2    1  443 1034
 5:   10    9    1    0   23    1    8  282   23    4    5    0  168   12    1    6   13    2  315    9  892
 6:    0  271  267    0    0    0    3    3    0    4   21    3    2  396    0    2    0    0   11    0  983
 7:  217    0    1  400   40    1   17    9    0    0   19   24    0    0  372    0    1    3    0    9 1113
 8:   13    2    0    7    4  423   10   22   31    4   29   11   74    0    0    4  295    3   16    8  956
 9:  265    1    0  159  258    1   93   13    5    1    7    5    5    1   13    3    6    0    4  138  978
TOT  613  346  316  585  594  476  305  419  571  394  700  648  585  425  398  430  479  669  435  612 10000

Saving cluster labels to file outdirs/outdir_digits_all_1e4.txt_4/labels.txt
Saving cluster centers to outdirs/outdir_digits_all_1e4.txt_4/cent_0000.pgm ...
runtime: procs 4 data digits_all_1e4.txt realtime 4.83


>> ./kmeans_omp sample-mnist-data/digits_all_3e4.txt 20 outdirs/outdir_digits_all_3e4.txt_4 500
threads: 4
datafile: sample-mnist-data/digits_all_3e4.txt
nclust: 20
savedir: outdirs/outdir_digits_all_3e4.txt_4
ndata: 30000
dim: 784

==CLUSTERING: MAXITER 500==
ITER NCHANGE CLUST_COUNTS
  1: 27318 |  529  328 1732 1400  490  598 2988 1689 1043 3017 2786 1435 1292  609 1865 1043 1483 2434 1670 1569
  2: 11588 | 1179  892 1932 1620 1151  966 2709 1626  395 2328 1432 1233 2004  934 1478 1152 1797 1985 1849 1338
  3:  5761 | 1290 1303 1678 1704 1281 1119 2389 1425  944 2168 1318 1393 1609 1195 1357 1132 1939 1675 1759 1322
  4:  3587 | 1293 1542 1622 1798 1252 1196 2111 1503 1149 2113 1186 1350 1486 1368 1468 1172 2016 1461 1640 1274
  5:  2465 | 1242 1714 1616 1868 1191 1214 1933 1635 1220 2097 1066 1305 1433 1404 1620 1169 2039 1421 1559 1254
  6:  1797 | 1170 1820 1616 1884 1156 1214 1794 1695 1319 2076 1005 1270 1412 1422 1768 1168 2038 1426 1457 1290
  7:  1465 | 1078 1884 1601 1885 1194 1194 1697 1734 1415 2078  965 1243 1388 1424 1922 1165 2012 1430 1388 1303
  8:  1256 | 1035 1903 1570 1888 1206 1159 1628 1771 1497 2073  945 1214 1355 1416 2074 1173 2003 1438 1343 1309
  9:  1115 | 1009 1914 1535 1886 1205 1142 1584 1783 1565 2047  932 1193 1334 1403 2205 1174 2014 1435 1325 1315
 10:  1068 |  990 1944 1498 1867 1169 1174 1547 1797 1635 1996  927 1173 1331 1399 2291 1184 2013 1428 1318 1319
 11:  1055 |  972 1962 1466 1856 1139 1203 1553 1774 1722 1923  931 1146 1344 1388 2362 1191 2013 1411 1315 1329
 12:  1112 | 1000 1974 1437 1856 1108 1257 1561 1711 1780 1803  940 1130 1362 1366 2421 1219 2019 1394 1320 1342
 13:  1015 | 1029 1982 1420 1860 1103 1255 1606 1617 1837 1684  991 1117 1375 1338 2452 1252 2022 1357 1324 1379
 14:   961 | 1058 1987 1407 1862 1127 1240 1645 1497 1868 1570 1081 1100 1392 1319 2483 1284 2026 1328 1324 1402
 15:   865 | 1075 1975 1397 1872 1158 1242 1676 1382 1869 1473 1144 1087 1412 1290 2538 1308 2040 1301 1334 1427
 16:   678 | 1107 1967 1389 1866 1196 1241 1683 1291 1867 1378 1202 1081 1428 1263 2595 1332 2046 1284 1345 1439
 17:   541 | 1125 1958 1383 1875 1230 1239 1684 1226 1881 1299 1242 1076 1438 1252 2634 1344 2040 1281 1350 1443
 18:   483 | 1150 1954 1375 1897 1254 1238 1669 1173 1891 1221 1291 1069 1444 1245 2657 1356 2032 1283 1358 1443
 19:   390 | 1180 1940 1381 1904 1267 1234 1649 1131 1904 1164 1339 1070 1447 1233 2671 1360 2028 1292 1364 1442
 20:   309 | 1197 1928 1381 1917 1272 1236 1636 1122 1896 1116 1390 1073 1449 1227 2682 1357 2020 1290 1367 1444
 21:   270 | 1206 1922 1381 1933 1278 1239 1619 1124 1899 1085 1423 1072 1449 1221 2687 1348 2007 1290 1367 1450
 22:   243 | 1211 1919 1381 1941 1278 1247 1605 1113 1902 1055 1470 1074 1445 1216 2687 1337 1998 1294 1369 1458
 23:   213 | 1210 1921 1381 1945 1278 1247 1591 1107 1911 1031 1506 1077 1442 1218 2677 1330 1986 1299 1372 1471
 24:   201 | 1207 1921 1378 1951 1281 1253 1584 1090 1910 1010 1529 1080 1443 1219 2679 1321 1974 1304 1374 1492
 25:   200 | 1199 1921 1374 1955 1282 1257 1576 1071 1914  994 1551 1082 1441 1218 2681 1323 1970 1309 1375 1507
 26:   199 | 1191 1917 1371 1957 1284 1270 1570 1057 1908  978 1578 1080 1439 1216 2669 1325 1967 1316 1376 1531
 27:   200 | 1185 1914 1368 1957 1284 1277 1569 1033 1911  964 1591 1080 1436 1216 2661 1329 1966 1322 1375 1562
 28:   224 | 1175 1910 1361 1957 1282 1291 1566 1024 1914  953 1593 1080 1432 1213 2644 1333 1963 1326 1378 1605
 29:   248 | 1161 1901 1357 1958 1283 1321 1564  988 1911  958 1607 1083 1431 1214 2622 1332 1962 1328 1377 1642
 30:   287 | 1149 1889 1353 1957 1284 1355 1564  957 1912  961 1606 1088 1430 1214 2582 1336 1961 1339 1377 1686
 31:   335 | 1135 1871 1350 1960 1285 1388 1568  934 1914  953 1599 1091 1433 1214 2543 1341 1956 1348 1376 1741
 32:   387 | 1116 1841 1341 1957 1285 1432 1579  919 1910  945 1616 1098 1440 1215 2512 1341 1946 1348 1377 1782
 33:   401 | 1090 1820 1338 1956 1285 1494 1583  927 1913  932 1624 1106 1441 1218 2482 1350 1939 1348 1380 1774
 34:   401 | 1075 1792 1326 1955 1286 1546 1592  936 1911  921 1634 1110 1443 1216 2464 1357 1934 1345 1385 1772
 35:   439 | 1060 1755 1314 1958 1288 1600 1599  948 1924  915 1643 1120 1448 1216 2439 1360 1933 1340 1387 1753
 36:   433 | 1045 1733 1298 1961 1293 1620 1602  962 1958  914 1646 1132 1453 1215 2402 1371 1936 1338 1391 1730
 37:   374 | 1030 1713 1291 1966 1298 1635 1608  961 1985  920 1650 1136 1455 1220 2363 1380 1942 1342 1398 1707
 38:   318 | 1017 1689 1286 1975 1301 1662 1617  962 2006  921 1656 1137 1452 1220 2334 1388 1950 1342 1410 1675
 39:   292 | 1010 1665 1279 1974 1303 1685 1626  963 2022  917 1652 1144 1450 1220 2314 1399 1963 1346 1425 1643
 40:   206 | 1005 1650 1277 1969 1306 1683 1631  962 2038  919 1653 1151 1449 1218 2299 1409 1973 1345 1435 1628
 41:   206 | 1000 1641 1273 1961 1310 1700 1633  963 2053  915 1652 1155 1449 1221 2281 1424 1985 1345 1442 1597
 42:   204 |  997 1631 1272 1954 1311 1711 1633  962 2070  914 1648 1151 1448 1219 2282 1434 1987 1349 1445 1582
 43:   175 |  994 1634 1271 1947 1311 1716 1633  959 2079  917 1645 1146 1450 1220 2269 1444 1988 1351 1454 1572
 44:   166 |  989 1631 1269 1944 1315 1718 1628  963 2086  918 1643 1144 1450 1220 2259 1463 1992 1352 1457 1559
 45:   133 |  987 1628 1267 1940 1317 1709 1628  965 2101  917 1642 1141 1451 1220 2255 1473 1995 1353 1459 1552
 46:   109 |  991 1617 1262 1937 1317 1697 1621  966 2120  912 1643 1141 1451 1221 2262 1480 1996 1354 1462 1550
 47:    94 |  991 1612 1259 1935 1317 1677 1613  965 2134  913 1642 1141 1452 1222 2256 1496 2004 1353 1467 1551
 48:    90 |  990 1609 1259 1934 1320 1663 1612  965 2138  913 1642 1140 1451 1223 2254 1510 2006 1354 1470 1547
 49:    72 |  990 1602 1258 1936 1320 1655 1613  967 2136  913 1643 1138 1452 1224 2251 1518 2008 1353 1474 1549
 50:    72 |  989 1600 1258 1939 1318 1643 1612  969 2139  913 1642 1136 1455 1224 2249 1529 2008 1353 1477 1547
 51:    53 |  989 1599 1257 1938 1319 1634 1611  969 2141  913 1644 1134 1455 1224 2249 1542 2003 1353 1479 1547
 52:    52 |  989 1596 1257 1938 1318 1628 1611  970 2140  913 1644 1131 1456 1224 2247 1552 2003 1354 1484 1545
 53:    41 |  989 1598 1257 1936 1319 1626 1606  970 2141  913 1642 1131 1456 1223 2242 1559 2003 1354 1490 1545
 54:    39 |  989 1596 1258 1936 1322 1623 1602  970 2133  913 1641 1130 1456 1221 2242 1572 2003 1354 1495 1544
 55:    28 |  989 1596 1258 1937 1325 1619 1601  970 2134  913 1641 1129 1455 1221 2239 1575 2002 1354 1497 1545
 56:    23 |  989 1597 1258 1937 1323 1618 1598  971 2137  913 1642 1128 1454 1221 2239 1576 2002 1354 1499 1544
 57:    14 |  989 1597 1258 1937 1322 1620 1596  970 2134  914 1642 1128 1455 1222 2239 1578 2003 1354 1500 1542
 58:    11 |  990 1597 1258 1937 1322 1617 1596  970 2133  913 1642 1128 1455 1222 2239 1579 2003 1354 1502 1543
 59:    13 |  989 1597 1258 1937 1322 1615 1594  970 2131  913 1642 1128 1454 1222 2240 1583 2004 1354 1503 1544
 60:    21 |  989 1597 1258 1937 1322 1612 1592  970 2128  913 1643 1128 1455 1222 2241 1587 2004 1354 1503 1545
 61:    19 |  989 1597 1258 1938 1324 1606 1593  970 2131  913 1642 1128 1456 1222 2239 1589 2003 1354 1503 1545
 62:    18 |  989 1599 1258 1938 1325 1602 1593  971 2128  913 1642 1128 1457 1222 2239 1593 2002 1354 1505 1542
 63:    15 |  989 1599 1258 1938 1324 1601 1593  971 2126  913 1644 1128 1457 1222 2240 1596 2002 1354 1505 1540
 64:    14 |  989 1599 1258 1938 1324 1603 1593  971 2125  913 1644 1127 1456 1220 2240 1601 2001 1354 1505 1539
 65:    12 |  989 1599 1258 1938 1324 1605 1592  971 2125  913 1644 1127 1455 1219 2240 1603 2001 1354 1505 1538
 66:     7 |  989 1599 1258 1938 1324 1608 1592  971 2121  913 1644 1126 1454 1219 2240 1606 2001 1354 1506 1537
 67:    11 |  989 1599 1257 1938 1325 1607 1592  971 2116  913 1644 1126 1454 1219 2241 1610 2001 1354 1507 1537
 68:    13 |  989 1598 1257 1938 1325 1606 1593  971 2117  913 1644 1126 1454 1218 2242 1611 1998 1354 1508 1538
 69:    12 |  989 1598 1257 1938 1324 1604 1594  972 2113  913 1644 1126 1454 1218 2242 1612 1998 1355 1508 1541
 70:    15 |  988 1598 1257 1940 1324 1602 1594  973 2108  913 1644 1126 1455 1218 2242 1616 1997 1355 1510 1540
 71:    14 |  989 1599 1257 1940 1324 1601 1593  972 2106  914 1644 1125 1455 1218 2242 1618 1997 1355 1512 1539
 72:    18 |  989 1598 1257 1941 1324 1597 1595  972 2105  915 1646 1124 1455 1219 2242 1617 1995 1355 1514 1540
 73:    21 |  988 1598 1256 1941 1324 1597 1593  971 2101  916 1647 1124 1455 1219 2242 1624 1995 1355 1515 1539
 74:    26 |  987 1597 1256 1940 1324 1596 1593  974 2093  916 1648 1125 1456 1219 2242 1627 1996 1355 1517 1539
 75:    14 |  986 1597 1256 1940 1324 1595 1592  976 2086  916 1649 1125 1457 1219 2242 1630 1996 1355 1519 1540
 76:    12 |  985 1597 1256 1940 1324 1594 1593  976 2080  916 1651 1125 1457 1219 2242 1634 1996 1355 1520 1540
 77:    18 |  984 1597 1256 1939 1324 1589 1593  976 2083  916 1651 1125 1456 1219 2242 1638 1996 1354 1521 1541
 78:    13 |  983 1598 1256 1939 1324 1589 1594  976 2080  916 1651 1125 1455 1220 2242 1637 1996 1355 1522 1542
 79:     6 |  983 1598 1256 1939 1323 1587 1597  976 2078  916 1651 1125 1455 1221 2242 1637 1996 1355 1522 1543
 80:     6 |  983 1599 1256 1939 1324 1587 1598  976 2076  916 1651 1124 1455 1221 2242 1638 1996 1355 1522 1542
 81:     8 |  983 1600 1255 1939 1324 1586 1599  976 2076  916 1650 1124 1455 1221 2242 1640 1996 1355 1522 1541
 82:    12 |  983 1600 1255 1939 1324 1585 1601  976 2073  916 1649 1124 1453 1221 2243 1645 1996 1355 1522 1540
 83:     9 |  983 1600 1255 1939 1324 1585 1602  976 2071  916 1649 1124 1452 1220 2242 1649 1996 1355 1522 1540
 84:     6 |  983 1600 1255 1939 1324 1586 1604  976 2068  916 1649 1124 1452 1219 2241 1651 1996 1355 1522 1540
 85:     5 |  983 1600 1255 1939 1323 1586 1605  976 2067  915 1649 1124 1452 1220 2241 1652 1996 1355 1522 1540
 86:     5 |  983 1600 1255 1939 1322 1588 1605  977 2066  915 1649 1124 1452 1220 2241 1652 1996 1355 1522 1539
 87:     3 |  983 1600 1255 1939 1320 1588 1606  977 2065  915 1649 1124 1452 1221 2241 1652 1997 1355 1522 1539
 88:     2 |  983 1600 1255 1939 1320 1588 1606  977 2066  915 1649 1124 1452 1222 2240 1652 1997 1355 1522 1538
 89:     4 |  983 1601 1255 1939 1320 1588 1607  977 2066  915 1649 1124 1453 1222 2239 1652 1997 1355 1522 1536
 90:     3 |  983 1602 1255 1939 1320 1587 1607  977 2067  915 1649 1124 1453 1222 2239 1651 1997 1355 1522 1536
 91:     1 |  983 1602 1255 1939 1320 1586 1607  977 2068  915 1649 1124 1453 1222 2239 1651 1997 1355 1522 1536
 92:     1 |  983 1602 1255 1939 1320 1585 1607  977 2069  915 1649 1124 1453 1222 2239 1651 1997 1355 1522 1536
 93:     2 |  983 1602 1255 1939 1320 1586 1608  977 2068  915 1649 1123 1453 1222 2239 1651 1997 1355 1522 1536
 94:     1 |  983 1602 1255 1939 1320 1586 1609  977 2067  915 1649 1123 1453 1222 2239 1651 1997 1355 1522 1536
 95:     0 |  983 1602 1255 1939 1320 1586 1609  977 2067  915 1649 1123 1453 1222 2239 1651 1997 1355 1522 1536
CONVERGED: after 96 iterations

==CONFUSION MATRIX + COUNTS==
LABEL \ CLUST
       0    1    2    3    4    5    6    7    8    9   10   11   12   13   14   15   16   17   18   19  TOT
 0:  933    1    2    0    4    6   16  858   30  872   51    1    0   17    4    4    7   27    0  128 2961
 1:    0    0    1    2   14    4    0    0   15    0    3  893 1235    0    7    2    0    2 1242    3 3423
 2:    3    1   15   26 1240   65   13   24   20    9   40   65   46 1100   61   32   45   18   53   72 2948
 3:    5    2    6   11   30   93  778    8  616    2    6   12   21   54   63 1217   17    6   64   62 3073
 4:    1  967    1  187    0    1    0    0    5    1   36   43   22   16  590    0  903   29   13  111 2926
 5:    7   31    1   10    1   80  517   36  592    6   40    3    3    2   70  321   51   16   21  901 2709
 6:   15    2    0    0   15    1    9   34   15   20 1455    7   22    5    9    2   24 1241   21   78 2975
 7:    2   36 1191 1097    8    3    0    0    1    1    0   52   50    9  410    0  188    2   33   24 3107
 8:    9   40    1   26    8 1328  259   12  726    3   15   38   37    9   65   62   29   10   59  139 2875
 9:    8  522   37  580    0    5   17    5   47    1    3    9   17   10  960   11  733    4   16   18 3003
TOT  983 1602 1255 1939 1320 1586 1609  977 2067  915 1649 1123 1453 1222 2239 1651 1997 1355 1522 1536 30000

Saving cluster labels to file outdirs/outdir_digits_all_3e4.txt_4/labels.txt
Saving cluster centers to outdirs/outdir_digits_all_3e4.txt_4/cent_0000.pgm ...
runtime: procs 4 data digits_all_3e4.txt realtime 12.70


>> ./kmeans_omp sample-mnist-data/digits_all_5e3.txt 20 outdirs/outdir_digits_all_5e3.txt_8 500
threads: 8
datafile: sample-mnist-data/digits_all_5e3.txt
nclust: 20
savedir: outdirs/outdir_digits_all_5e3.txt_8
ndata: 5000
dim: 784

==CLUSTERING: MAXITER 500==
ITER NCHANGE CLUST_COUNTS
  1:  4484 |  335  107  277  308  369  141   60  122  468   30   98  343   95  240  550  523  159  195  226  354
  2:  1886 |  297  179  287  210  391  260  125  233  303  154  231  254  186  211  340  282  106  133  340  478
  3:   976 |  252  201  234  221  368  261  200  300  284  182  229  231  167  248  293  195  149  126  351  508
  4:   632 |  221  206  213  273  333  258  249  307  288  179  235  238  167  275  253  159  162  151  332  501
  5:   362 |  217  206  209  308  301  262  291  308  279  178  235  227  172  290  221  140  172  155  339  490
  6:   212 |  215  207  207  333  282  257  319  309  274  172  232  228  174  300  196  144  174  152  346  479
  7:   130 |  211  213  204  344  271  253  338  310  277  170  227  230  181  306  180  140  179  149  349  468
  8:    91 |  211  214  203  352  262  246  348  315  281  167  225  232  188  306  171  138  183  152  348  458
  9:    67 |  212  215  203  358  256  240  356  319  281  165  222  233  194  304  168  139  186  153  347  449
 10:    52 |  215  215  202  362  252  234  362  323  283  166  219  235  200  304  165  137  189  153  345  439
 11:    45 |  215  217  199  369  245  231  368  323  283  167  219  237  202  304  165  138  192  153  345  428
 12:    41 |  216  217  198  373  241  228  369  323  283  165  219  238  204  305  165  138  191  158  346  423
 13:    36 |  216  219  195  379  237  228  374  322  283  164  219  238  205  306  165  137  191  160  347  415
 14:    34 |  216  219  193  385  234  228  376  322  283  162  218  237  206  307  165  140  190  161  346  412
 15:    28 |  216  219  191  390  233  227  377  322  284  164  218  237  208  305  165  145  189  156  345  409
 16:    30 |  216  220  192  393  229  226  381  322  284  165  217  237  209  305  165  152  189  149  343  406
 17:    18 |  216  222  191  392  229  224  380  322  284  164  217  237  211  303  166  159  189  145  343  406
 18:    11 |  217  222  191  392  229  223  380  321  284  163  217  237  213  304  165  165  189  139  343  406
 19:     9 |  218  222  191  392  229  223  380  321  284  162  217  237  214  303  164  168  189  137  343  406
 20:     6 |  217  222  191  392  229  222  380  321  284  163  217  238  216  303  164  168  189  135  343  406
 21:     8 |  216  222  191  392  229  221  380  321  284  163  217  238  218  302  164  168  189  135  344  406
 22:     5 |  214  222  191  392  229  221  380  321  284  163  217  240  218  302  164  168  189  136  343  406
 23:     8 |  212  221  191  392  229  221  380  321  284  163  217  242  218  302  163  166  189  138  344  407
 24:    10 |  210  221  191  392  229  221  380  321  284  163  217  244  218  300  162  167  189  139  344  408
 25:     4 |  212  221  191  392  229  221  380  321  284  163  218  244  218  299  160  167  189  140  344  407
 26:     3 |  213  222  191  392  229  222  380  321  284  163  218  244  218  297  159  167  189  140  344  407
 27:     4 |  212  223  191  392  229  220  379  321  284  163  218  245  220  297  159  167  189  140  344  407
 28:     6 |  212  222  191  393  229  221  378  321  284  163  218  246  221  297  158  166  189  140  344  407
 29:     4 |  211  223  191  392  229  222  378  320  284  163  218  246  222  297  158  166  189  140  344  407
 30:     5 |  210  225  192  391  229  222  378  319  284  163  218  247  222  297  158  166  189  140  344  406
 31:     3 |  210  226  193  391  229  221  378  318  284  163  218  247  223  297  158  165  189  140  344  406
 32:     1 |  210  226  193  391  229  221  378  318  285  163  218  247  222  297  158  165  189  140  344  406
 33:     0 |  210  226  193  391  229  221  378  318  285  163  218  247  222  297  158  165  189  140  344  406
CONVERGED: after 34 iterations

==CONFUSION MATRIX + COUNTS==
LABEL \ CLUST
       0    1    2    3    4    5    6    7    8    9   10   11   12   13   14   15   16   17   18   19  TOT
 0:    0   12    7    1    1    3    1    0    0  159    0    0    0   15    0  142    6  133    7    2  489
 1:  179    2    0    0    0    0    0    1    0    0    0  217    1    1  128    0    1    0    0    0  530
 2:    0    2    3    2    0  209   23    8    3    0    4    2  209    1    8    3    7    1    5    3  493
 3:    2   15    0    0    0    3   25   13  164    0    0    0    5    1    5    0   35    1  239    1  509
 4:    4   13    2  260  125    1   67    2    0    0    0   11    0    2    3    0    0    0    0    9  499
 5:    0  161    0    3    2    1   49   13   99    0    0    2    2    8    2   11   32    1   72    0  458
 6:    5    8  181    1    1    0    2    1    2    2    0    0    3  269    1    3    1    2    0    0  482
 7:    9    2    0    5    4    2   41    0    0    0  206    8    0    0    4    0    0    0    0  282  563
 8:    7    7    0    0    1    2   34  279   15    1    0    4    2    0    7    5  103    1   17    9  494
 9:    4    4    0  119   95    0  136    1    2    1    8    3    0    0    0    1    4    1    4  100  483
TOT  210  226  193  391  229  221  378  318  285  163  218  247  222  297  158  165  189  140  344  406 5000

Saving cluster labels to file outdirs/outdir_digits_all_5e3.txt_8/labels.txt
Saving cluster centers to outdirs/outdir_digits_all_5e3.txt_8/cent_0000.pgm ...
runtime: procs 8 data digits_all_5e3.txt realtime 0.72


>> ./kmeans_omp sample-mnist-data/digits_all_1e4.txt 20 outdirs/outdir_digits_all_1e4.txt_8 500
threads: 8
datafile: sample-mnist-data/digits_all_1e4.txt
nclust: 20
savedir: outdirs/outdir_digits_all_1e4.txt_8
ndata: 10000
dim: 784

==CLUSTERING: MAXITER 500==
ITER NCHANGE CLUST_COUNTS
  1:  8990 |  404   80  508  512  771  536  217  429  509  552  583  974  233  582  830  627  478  495  430  250
  2:  3223 |  403  278  407  592  685  592  271  348  487  595  630  861  309  457  675  514  371  560  427  538
  3:  1402 |  527  297  352  538  584  568  323  514  481  624  599  762  335  422  606  500  372  591  377  628
  4:   763 |  604  294  338  508  549  568  319  598  471  628  590  697  363  415  573  481  376  599  379  650
  5:   576 |  632  293  324  506  525  572  324  618  461  614  594  660  372  415  544  492  387  604  388  675
  6:   476 |  656  299  307  521  502  579  341  607  471  595  588  649  374  428  514  482  395  601  404  687
  7:   400 |  689  303  305  550  484  586  344  580  477  576  591  642  373  423  489  467  407  600  425  689
  8:   345 |  707  310  301  582  472  596  341  571  464  548  596  636  380  421  469  455  424  602  439  686
  9:   262 |  717  308  302  610  460  599  338  572  464  515  596  633  389  421  449  457  435  607  442  686
 10:   199 |  719  312  305  629  448  600  334  566  464  488  597  633  393  427  442  452  445  612  448  686
 11:   163 |  721  316  311  642  445  593  331  557  475  470  598  633  398  428  439  451  449  614  445  684
 12:   138 |  722  321  314  646  444  590  328  554  475  453  599  638  405  426  436  448  458  616  442  685
 13:   103 |  721  323  315  654  443  590  328  539  472  439  601  640  406  427  434  447  466  617  450  688
 14:   108 |  721  325  313  661  445  593  325  530  467  422  602  642  415  430  434  450  475  621  440  689
 15:   111 |  720  326  312  665  454  596  320  512  455  412  603  642  424  431  434  451  480  625  441  697
 16:   117 |  729  326  309  673  460  599  316  490  444  402  600  642  436  432  432  450  479  627  451  703
 17:   105 |  726  324  308  671  464  599  315  478  434  398  598  643  443  433  433  449  483  626  464  711
 18:   107 |  726  325  308  674  474  598  313  465  424  390  596  643  452  429  433  451  486  630  474  709
 19:    91 |  726  324  307  680  480  594  314  455  424  385  593  642  457  428  433  450  486  634  480  708
 20:    70 |  727  324  307  679  481  592  316  453  427  382  595  641  464  426  433  452  486  636  471  708
 21:    68 |  727  324  307  677  480  589  317  451  430  381  595  642  476  426  433  450  479  638  470  708
 22:    62 |  727  323  307  677  482  586  318  448  435  381  594  644  486  427  433  447  474  639  466  706
 23:    72 |  728  324  307  676  484  583  318  447  438  381  593  645  500  424  431  446  469  642  459  705
 24:    69 |  731  323  306  674  486  582  319  445  445  380  591  643  511  423  430  445  461  646  454  705
 25:    73 |  729  321  306  670  490  581  319  443  456  381  591  642  516  423  430  445  453  649  450  705
 26:    64 |  723  320  306  671  493  579  319  442  458  380  592  642  517  423  427  444  456  651  449  708
 27:    63 |  721  319  308  670  493  578  318  440  466  380  594  642  520  423  428  441  455  653  443  708
 28:    56 |  721  321  308  670  492  577  319  437  474  380  597  641  523  424  428  438  455  651  435  709
 29:    43 |  716  323  308  669  493  576  320  437  478  380  597  642  526  425  428  433  454  651  435  709
 30:    42 |  712  324  309  670  496  575  320  434  482  380  597  641  528  425  427  432  454  651  434  709
 31:    18 |  713  324  310  670  496  575  320  433  482  379  598  640  529  426  427  432  454  652  432  708
 32:    18 |  713  325  310  669  496  575  320  429  482  379  598  640  530  426  427  432  455  653  431  710
 33:    19 |  714  325  310  668  496  575  320  427  484  379  598  640  527  427  427  431  454  653  434  711
 34:    16 |  715  325  310  666  496  575  320  426  481  379  598  640  531  428  427  430  452  654  436  711
 35:    18 |  716  325  310  666  496  572  320  426  480  379  598  640  536  430  427  430  450  653  436  710
 36:    12 |  716  325  310  665  496  572  320  427  480  379  598  640  541  430  428  430  447  652  435  709
 37:    16 |  714  326  310  666  496  571  320  427  483  379  598  640  546  430  428  430  448  652  428  708
 38:    16 |  711  326  310  666  498  570  320  427  484  379  599  640  551  431  428  430  445  652  425  708
 39:    19 |  711  326  310  666  500  569  319  426  485  379  599  640  558  431  428  430  442  653  421  707
 40:    11 |  710  326  310  666  499  568  319  426  487  379  599  640  559  431  429  429  440  655  421  707
 41:    10 |  710  327  310  666  499  567  318  426  487  379  599  640  564  431  430  429  436  655  420  707
 42:    14 |  709  329  310  666  499  566  316  426  487  379  599  640  568  431  431  429  435  655  418  707
 43:     9 |  709  329  310  666  499  565  314  426  488  379  599  640  569  431  433  429  433  655  419  707
 44:    15 |  709  329  310  666  499  565  313  426  488  379  599  640  576  431  434  428  426  654  421  707
 45:    18 |  708  329  309  665  499  562  312  426  488  381  599  640  578  431  434  427  427  655  422  708
 46:    16 |  708  330  309  665  499  560  312  427  488  382  599  640  577  431  434  426  428  655  422  708
 47:    17 |  708  332  309  665  499  557  312  428  489  383  599  640  580  431  434  424  426  655  421  708
 48:    22 |  705  332  309  665  499  555  312  428  490  383  600  640  585  432  434  424  423  655  421  708
 49:    28 |  706  333  309  665  499  552  312  428  490  386  603  639  583  432  434  423  417  657  424  708
 50:    20 |  704  333  310  665  499  550  312  428  490  386  605  639  584  432  434  423  415  657  426  708
 51:    30 |  704  333  310  665  498  547  312  428  493  388  605  639  588  432  434  423  407  657  429  708
 52:    40 |  702  333  311  666  497  545  312  428  495  389  606  640  588  431  434  424  404  659  430  706
 53:    30 |  702  333  311  666  497  541  313  427  500  391  606  639  588  431  434  424  396  660  434  707
 54:    33 |  699  333  311  667  495  536  314  426  502  391  606  639  589  431  434  424  398  660  440  705
 55:    41 |  697  333  312  667  496  533  315  423  507  390  607  639  595  430  434  424  397  658  441  702
 56:    49 |  695  334  312  668  498  528  317  422  511  391  608  640  593  429  433  424  394  658  444  701
 57:    42 |  696  335  312  666  499  523  317  419  516  391  609  640  603  429  433  424  381  659  448  700
 58:    39 |  699  335  312  667  500  514  316  419  521  391  611  640  600  429  432  425  382  659  451  697
 59:    38 |  699  337  312  666  501  508  316  419  521  391  611  641  606  428  432  425  379  661  448  699
 60:    45 |  699  339  312  667  500  503  317  417  524  391  610  641  608  428  432  427  376  663  447  699
 61:    41 |  700  340  311  667  500  502  317  415  525  391  611  643  610  427  432  430  379  662  440  698
 62:    35 |  697  342  311  666  500  500  317  412  528  391  612  644  609  426  432  431  385  661  439  697
 63:    35 |  691  343  310  666  500  497  320  410  528  392  615  643  610  425  432  433  394  659  436  696
 64:    35 |  685  343  310  666  500  498  319  409  529  392  617  641  611  425  432  433  404  656  435  695
 65:    32 |  679  344  311  669  500  495  317  408  527  392  616  641  613  424  431  433  414  656  434  696
 66:    38 |  679  346  311  670  500  491  315  407  528  392  615  642  616  423  430  432  420  656  433  694
 67:    44 |  673  347  311  670  502  490  309  406  533  392  616  643  615  422  431  432  425  655  435  693
 68:    34 |  673  347  309  669  504  488  307  406  535  392  617  643  617  422  431  432  428  654  434  692
 69:    26 |  675  348  309  669  502  491  307  407  538  392  617  642  615  422  431  432  426  654  434  689
 70:    19 |  673  348  310  670  504  489  304  407  543  392  617  642  613  422  431  432  426  655  435  687
 71:    15 |  671  348  310  671  504  489  303  407  549  391  617  641  611  422  429  432  429  655  434  687
 72:    16 |  668  348  310  672  504  489  303  408  551  391  619  641  612  422  428  432  426  655  435  686
 73:    24 |  667  348  310  673  503  488  303  408  556  391  619  642  610  422  426  433  428  655  433  685
 74:    20 |  663  348  310  673  503  485  303  409  562  391  621  642  602  422  426  433  433  655  433  686
 75:    12 |  663  348  310  674  503  483  303  409  563  391  621  642  599  423  425  433  438  655  433  684
 76:    15 |  664  348  310  674  502  480  303  409  564  391  621  642  595  423  423  433  446  655  432  685
 77:    11 |  664  348  311  674  502  479  303  409  565  391  622  642  592  423  422  433  448  655  432  685
 78:     4 |  666  348  311  673  502  480  303  409  564  391  622  642  591  423  422  433  447  656  432  685
 79:     3 |  666  348  311  673  502  480  303  409  563  391  622  642  591  423  421  433  448  657  432  685
 80:     2 |  664  348  311  673  503  480  303  409  563  391  622  642  591  423  421  433  448  658  432  685
 81:     2 |  666  348  311  672  503  480  303  409  563  391  622  642  591  423  420  433  448  658  432  685
 82:     5 |  668  348  311  672  504  480  303  409  563  391  622  642  591  423  418  433  448  658  432  684
 83:     6 |  668  349  311  671  505  480  303  409  564  391  622  642  591  423  417  433  448  658  432  683
 84:    13 |  664  349  311  671  507  480  303  409  567  391  625  642  589  423  416  433  450  658  431  681
 85:    12 |  661  351  311  671  507  480  303  409  568  391  627  643  588  423  416  433  450  658  431  679
 86:    19 |  661  352  311  669  508  480  302  410  568  391  630  644  589  423  414  433  450  659  431  675
 87:    27 |  657  351  313  666  510  480  302  410  568  391  634  644  590  424  413  433  452  662  431  669
 88:    23 |  660  352  312  663  512  480  302  412  568  391  636  645  591  424  412  433  451  663  431  662
 89:    24 |  661  352  312  661  512  480  303  414  567  391  640  648  590  424  411  433  455  663  430  653
 90:    24 |  663  351  312  658  511  481  303  415  568  391  645  650  591  424  410  433  455  663  428  648
 91:    28 |  655  350  312  654  514  481  303  416  569  391  651  651  591  424  410  433  456  667  428  644
 92:    38 |  660  350  312  646  513  481  305  417  568  391  656  651  592  425  408  433  458  669  429  636
 93:    33 |  656  350  313  641  515  481  305  417  569  391  663  650  592  425  408  433  462  669  429  631
 94:    28 |  653  350  313  638  519  482  305  416  570  391  668  651  593  425  407  433  462  669  429  626
 95:    31 |  642  349  313  635  527  482  303  418  570  391  673  652  592  425  408  433  462  670  429  626
 96:    32 |  645  349  313  626  528  481  304  418  570  391  675  652  593  425  409  433  462  670  430  626
 97:    34 |  650  349  313  618  535  480  305  419  571  391  676  652  593  425  404  433  463  669  431  623
 98:    41 |  645  349  314  610  546  479  304  419  571  391  679  651  593  425  402  433  463  670  431  625
 99:    38 |  651  348  314  601  551  477  304  420  571  391  682  652  594  425  398  433  466  669  431  622
100:    26 |  647  347  314  599  557  476  303  419  571  391  685  653  594  425  398  433  467  669  431  621
101:    20 |  641  347  314  595  565  476  303  419  571  391  686  653  593  425  398  433  469  669  432  620
102:    23 |  634  346  314  597  571  476  303  419  571  391  688  653  592  425  396  433  470  669  433  619
103:    20 |  630  345  314  594  575  476  303  419  571  391  690  652  591  425  397  433  473  669  433  619
104:    23 |  623  346  314  591  582  476  304  419  571  391  692  651  590  425  396  433  474  669  433  620
105:    19 |  621  346  314  589  586  476  304  419  571  391  693  649  590  425  395  433  476  669  434  619
106:    14 |  619  346  315  588  589  476  304  419  571  391  694  649  591  425  393  434  475  669  433  619
107:    15 |  617  346  316  586  590  476  304  419  571  393  696  648  590  425  393  432  476  670  434  618
108:    12 |  615  346  316  586  590  476  305  419  571  394  698  648  589  425  395  430  477  670  435  615
109:    12 |  614  346  316  586  592  476  305  419  571  394  699  648  587  425  397  430  478  669  436  612
110:     7 |  613  346  316  585  594  476  305  419  571  394  700  648  585  425  397  430  479  669  436  612
111:     2 |  613  346  316  585  594  476  305  419  571  394  700  648  585  425  398  430  479  669  435  612
112:     0 |  613  346  316  585  594  476  305  419  571  394  700  648  585  425  398  430  479  669  435  612
CONVERGED: after 113 iterations

==CONFUSION MATRIX + COUNTS==
LABEL \ CLUST
       0    1    2    3    4    5    6    7    8    9   10   11   12   13   14   15   16   17   18   19  TOT
 0:    0   36    9    3    0    1    1   16    6  380    0    0   12   12    2  405    6    2   77    0  968
 1:    0    0    0    0    2    4    0    5    0    0  521  557    0    0    0    0    3    1    0    0 1093
 2:    6   12   28    1   18   13    1   16   20    0   55   34   16    2    8    9   91  646    0    5  981
 3:   15    4    1    2   17   30    0   17  486    1   32    1  308    0    2    1   64   10   11    0 1002
 4:   87   11    9   13  232    2  172   36    0    0   11   13    0    2    0    0    0    2    1  443 1034
 5:   10    9    1    0   23    1    8  282   23    4    5    0  168   12    1    6   13    2  315    9  892
 6:    0  271  267    0    0    0    3    3    0    4   21    3    2  396    0    2    0    0   11    0  983
 7:  217    0    1  400   40    1   17    9    0    0   19   24    0    0  372    0    1    3    0    9 1113
 8:   13    2    0    7    4  423   10   22   31    4   29   11   74    0    0    4  295    3   16    8  956
 9:  265    1    0  159  258    1   93   13    5    1    7    5    5    1   13    3    6    0    4  138  978
TOT  613  346  316  585  594  476  305  419  571  394  700  648  585  425  398  430  479  669  435  612 10000

Saving cluster labels to file outdirs/outdir_digits_all_1e4.txt_8/labels.txt
Saving cluster centers to outdirs/outdir_digits_all_1e4.txt_8/cent_0000.pgm ...
runtime: procs 8 data digits_all_1e4.txt realtime 2.85


>> ./kmeans_omp sample-mnist-data/digits_all_3e4.txt 20 outdirs/outdir_digits_all_3e4.txt_8 500
threads: 8
datafile: sample-mnist-data/digits_all_3e4.txt
nclust: 20
savedir: outdirs/outdir_digits_all_3e4.txt_8
ndata: 30000
dim: 784

==CLUSTERING: MAXITER 500==
ITER NCHANGE CLUST_COUNTS
  1: 27318 |  529  328 1732 1400  490  598 2988 1689 1043 3017 2786 1435 1292  609 1865 1043 1483 2434 1670 1569
  2: 11588 | 1179  892 1932 1620 1151  966 2709 1626  395 2328 1432 1233 2004  934 1478 1152 1797 1985 1849 1338
  3:  5761 | 1290 1303 1678 1704 1281 1119 2389 1425  944 2168 1318 1393 1609 1195 1357 1132 1939 1675 1759 1322
  4:  3587 | 1293 1542 1622 1798 1252 1196 2111 1503 1149 2113 1186 1350 1486 1368 1468 1172 2016 1461 1640 1274
  5:  2465 | 1242 1714 1616 1868 1191 1214 1933 1635 1220 2097 1066 1305 1433 1404 1620 1169 2039 1421 1559 1254
  6:  1797 | 1170 1820 1616 1884 1156 1214 1794 1695 1319 2076 1005 1270 1412 1422 1768 1168 2038 1426 1457 1290
  7:  1465 | 1078 1884 1601 1885 1194 1194 1697 1734 1415 2078  965 1243 1388 1424 1922 1165 2012 1430 1388 1303
  8:  1256 | 1035 1903 1570 1888 1206 1159 1628 1771 1497 2073  945 1214 1355 1416 2074 1173 2003 1438 1343 1309
  9:  1115 | 1009 1914 1535 1886 1205 1142 1584 1783 1565 2047  932 1193 1334 1403 2205 1174 2014 1435 1325 1315
 10:  1068 |  990 1944 1498 1867 1169 1174 1547 1797 1635 1996  927 1173 1331 1399 2291 1184 2013 1428 1318 1319
 11:  1055 |  972 1962 1466 1856 1139 1203 1553 1774 1722 1923  931 1146 1344 1388 2362 1191 2013 1411 1315 1329
 12:  1112 | 1000 1974 1437 1856 1108 1257 1561 1711 1780 1803  940 1130 1362 1366 2421 1219 2019 1394 1320 1342
 13:  1015 | 1029 1982 1420 1860 1103 1255 1606 1617 1837 1684  991 1117 1375 1338 2452 1252 2022 1357 1324 1379
 14:   961 | 1058 1987 1407 1862 1127 1240 1645 1497 1868 1570 1081 1100 1392 1319 2483 1284 2026 1328 1324 1402
 15:   865 | 1075 1975 1397 1872 1158 1242 1676 1382 1869 1473 1144 1087 1412 1290 2538 1308 2040 1301 1334 1427
 16:   678 | 1107 1967 1389 1866 1196 1241 1683 1291 1867 1378 1202 1081 1428 1263 2595 1332 2046 1284 1345 1439
 17:   541 | 1125 1958 1383 1875 1230 1239 1684 1226 1881 1299 1242 1076 1438 1252 2634 1344 2040 1281 1350 1443
 18:   483 | 1150 1954 1375 1897 1254 1238 1669 1173 1891 1221 1291 1069 1444 1245 2657 1356 2032 1283 1358 1443
 19:   390 | 1180 1940 1381 1904 1267 1234 1649 1131 1904 1164 1339 1070 1447 1233 2671 1360 2028 1292 1364 1442
 20:   309 | 1197 1928 1381 1917 1272 1236 1636 1122 1896 1116 1390 1073 1449 1227 2682 1357 2020 1290 1367 1444
 21:   270 | 1206 1922 1381 1933 1278 1239 1619 1124 1899 1085 1423 1072 1449 1221 2687 1348 2007 1290 1367 1450
 22:   243 | 1211 1919 1381 1941 1278 1247 1605 1113 1902 1055 1470 1074 1445 1216 2687 1337 1998 1294 1369 1458
 23:   213 | 1210 1921 1381 1945 1278 1247 1591 1107 1911 1031 1506 1077 1442 1218 2677 1330 1986 1299 1372 1471
 24:   201 | 1207 1921 1378 1951 1281 1253 1584 1090 1910 1010 1529 1080 1443 1219 2679 1321 1974 1304 1374 1492
 25:   200 | 1199 1921 1374 1955 1282 1257 1576 1071 1914  994 1551 1082 1441 1218 2681 1323 1970 1309 1375 1507
 26:   199 | 1191 1917 1371 1957 1284 1270 1570 1057 1908  978 1578 1080 1439 1216 2669 1325 1967 1316 1376 1531
 27:   200 | 1185 1914 1368 1957 1284 1277 1569 1033 1911  964 1591 1080 1436 1216 2661 1329 1966 1322 1375 1562
 28:   224 | 1175 1910 1361 1957 1282 1291 1566 1024 1914  953 1593 1080 1432 1213 2644 1333 1963 1326 1378 1605
 29:   248 | 1161 1901 1357 1958 1283 1321 1564  988 1911  958 1607 1083 1431 1214 2622 1332 1962 1328 1377 1642
 30:   287 | 1149 1889 1353 1957 1284 1355 1564  957 1912  961 1606 1088 1430 1214 2582 1336 1961 1339 1377 1686
 31:   335 | 1135 1871 1350 1960 1285 1388 1568  934 1914  953 1599 1091 1433 1214 2543 1341 1956 1348 1376 1741
 32:   387 | 1116 1841 1341 1957 1285 1432 1579  919 1910  945 1616 1098 1440 1215 2512 1341 1946 1348 1377 1782
 33:   401 | 1090 1820 1338 1956 1285 1494 1583  927 1913  932 1624 1106 1441 1218 2482 1350 1939 1348 1380 1774
 34:   401 | 1075 1792 1326 1955 1286 1546 1592  936 1911  921 1634 1110 1443 1216 2464 1357 1934 1345 1385 1772
 35:   439 | 1060 1755 1314 1958 1288 1600 1599  948 1924  915 1643 1120 1448 1216 2439 1360 1933 1340 1387 1753
 36:   433 | 1045 1733 1298 1961 1293 1620 1602  962 1958  914 1646 1132 1453 1215 2402 1371 1936 1338 1391 1730
 37:   374 | 1030 1713 1291 1966 1298 1635 1608  961 1985  920 1650 1136 1455 1220 2363 1380 1942 1342 1398 1707
 38:   318 | 1017 1689 1286 1975 1301 1662 1617  962 2006  921 1656 1137 1452 1220 2334 1388 1950 1342 1410 1675
 39:   292 | 1010 1665 1279 1974 1303 1685 1626  963 2022  917 1652 1144 1450 1220 2314 1399 1963 1346 1425 1643
 40:   206 | 1005 1650 1277 1969 1306 1683 1631  962 2038  919 1653 1151 1449 1218 2299 1409 1973 1345 1435 1628
 41:   206 | 1000 1641 1273 1961 1310 1700 1633  963 2053  915 1652 1155 1449 1221 2281 1424 1985 1345 1442 1597
 42:   204 |  997 1631 1272 1954 1311 1711 1633  962 2070  914 1648 1151 1448 1219 2282 1434 1987 1349 1445 1582
 43:   175 |  994 1634 1271 1947 1311 1716 1633  959 2079  917 1645 1146 1450 1220 2269 1444 1988 1351 1454 1572
 44:   166 |  989 1631 1269 1944 1315 1718 1628  963 2086  918 1643 1144 1450 1220 2259 1463 1992 1352 1457 1559
 45:   133 |  987 1628 1267 1940 1317 1709 1628  965 2101  917 1642 1141 1451 1220 2255 1473 1995 1353 1459 1552
 46:   109 |  991 1617 1262 1937 1317 1697 1621  966 2120  912 1643 1141 1451 1221 2262 1480 1996 1354 1462 1550
 47:    94 |  991 1612 1259 1935 1317 1677 1613  965 2134  913 1642 1141 1452 1222 2256 1496 2004 1353 1467 1551
 48:    90 |  990 1609 1259 1934 1320 1663 1612  965 2138  913 1642 1140 1451 1223 2254 1510 2006 1354 1470 1547
 49:    72 |  990 1602 1258 1936 1320 1655 1613  967 2136  913 1643 1138 1452 1224 2251 1518 2008 1353 1474 1549
 50:    72 |  989 1600 1258 1939 1318 1643 1612  969 2139  913 1642 1136 1455 1224 2249 1529 2008 1353 1477 1547
 51:    53 |  989 1599 1257 1938 1319 1634 1611  969 2141  913 1644 1134 1455 1224 2249 1542 2003 1353 1479 1547
 52:    52 |  989 1596 1257 1938 1318 1628 1611  970 2140  913 1644 1131 1456 1224 2247 1552 2003 1354 1484 1545
 53:    41 |  989 1598 1257 1936 1319 1626 1606  970 2141  913 1642 1131 1456 1223 2242 1559 2003 1354 1490 1545
 54:    39 |  989 1596 1258 1936 1322 1623 1602  970 2133  913 1641 1130 1456 1221 2242 1572 2003 1354 1495 1544
 55:    28 |  989 1596 1258 1937 1325 1619 1601  970 2134  913 1641 1129 1455 1221 2239 1575 2002 1354 1497 1545
 56:    23 |  989 1597 1258 1937 1323 1618 1598  971 2137  913 1642 1128 1454 1221 2239 1576 2002 1354 1499 1544
 57:    14 |  989 1597 1258 1937 1322 1620 1596  970 2134  914 1642 1128 1455 1222 2239 1578 2003 1354 1500 1542
 58:    11 |  990 1597 1258 1937 1322 1617 1596  970 2133  913 1642 1128 1455 1222 2239 1579 2003 1354 1502 1543
 59:    13 |  989 1597 1258 1937 1322 1615 1594  970 2131  913 1642 1128 1454 1222 2240 1583 2004 1354 1503 1544
 60:    21 |  989 1597 1258 1937 1322 1612 1592  970 2128  913 1643 1128 1455 1222 2241 1587 2004 1354 1503 1545
 61:    19 |  989 1597 1258 1938 1324 1606 1593  970 2131  913 1642 1128 1456 1222 2239 1589 2003 1354 1503 1545
 62:    18 |  989 1599 1258 1938 1325 1602 1593  971 2128  913 1642 1128 1457 1222 2239 1593 2002 1354 1505 1542
 63:    15 |  989 1599 1258 1938 1324 1601 1593  971 2126  913 1644 1128 1457 1222 2240 1596 2002 1354 1505 1540
 64:    14 |  989 1599 1258 1938 1324 1603 1593  971 2125  913 1644 1127 1456 1220 2240 1601 2001 1354 1505 1539
 65:    12 |  989 1599 1258 1938 1324 1605 1592  971 2125  913 1644 1127 1455 1219 2240 1603 2001 1354 1505 1538
 66:     7 |  989 1599 1258 1938 1324 1608 1592  971 2121  913 1644 1126 1454 1219 2240 1606 2001 1354 1506 1537
 67:    11 |  989 1599 1257 1938 1325 1607 1592  971 2116  913 1644 1126 1454 1219 2241 1610 2001 1354 1507 1537
 68:    13 |  989 1598 1257 1938 1325 1606 1593  971 2117  913 1644 1126 1454 1218 2242 1611 1998 1354 1508 1538
 69:    12 |  989 1598 1257 1938 1324 1604 1594  972 2113  913 1644 1126 1454 1218 2242 1612 1998 1355 1508 1541
 70:    15 |  988 1598 1257 1940 1324 1602 1594  973 2108  913 1644 1126 1455 1218 2242 1616 1997 1355 1510 1540
 71:    14 |  989 1599 1257 1940 1324 1601 1593  972 2106  914 1644 1125 1455 1218 2242 1618 1997 1355 1512 1539
 72:    18 |  989 1598 1257 1941 1324 1597 1595  972 2105  915 1646 1124 1455 1219 2242 1617 1995 1355 1514 1540
 73:    21 |  988 1598 1256 1941 1324 1597 1593  971 2101  916 1647 1124 1455 1219 2242 1624 1995 1355 1515 1539
 74:    26 |  987 1597 1256 1940 1324 1596 1593  974 2093  916 1648 1125 1456 1219 2242 1627 1996 1355 1517 1539
 75:    14 |  986 1597 1256 1940 1324 1595 1592  976 2086  916 1649 1125 1457 1219 2242 1630 1996 1355 1519 1540
 76:    12 |  985 1597 1256 1940 1324 1594 1593  976 2080  916 1651 1125 1457 1219 2242 1634 1996 1355 1520 1540
 77:    18 |  984 1597 1256 1939 1324 1589 1593  976 2083  916 1651 1125 1456 1219 2242 1638 1996 1354 1521 1541
 78:    13 |  983 1598 1256 1939 1324 1589 1594  976 2080  916 1651 1125 1455 1220 2242 1637 1996 1355 1522 1542
 79:     6 |  983 1598 1256 1939 1323 1587 1597  976 2078  916 1651 1125 1455 1221 2242 1637 1996 1355 1522 1543
 80:     6 |  983 1599 1256 1939 1324 1587 1598  976 2076  916 1651 1124 1455 1221 2242 1638 1996 1355 1522 1542
 81:     8 |  983 1600 1255 1939 1324 1586 1599  976 2076  916 1650 1124 1455 1221 2242 1640 1996 1355 1522 1541
 82:    12 |  983 1600 1255 1939 1324 1585 1601  976 2073  916 1649 1124 1453 1221 2243 1645 1996 1355 1522 1540
 83:     9 |  983 1600 1255 1939 1324 1585 1602  976 2071  916 1649 1124 1452 1220 2242 1649 1996 1355 1522 1540
 84:     6 |  983 1600 1255 1939 1324 1586 1604  976 2068  916 1649 1124 1452 1219 2241 1651 1996 1355 1522 1540
 85:     5 |  983 1600 1255 1939 1323 1586 1605  976 2067  915 1649 1124 1452 1220 2241 1652 1996 1355 1522 1540
 86:     5 |  983 1600 1255 1939 1322 1588 1605  977 2066  915 1649 1124 1452 1220 2241 1652 1996 1355 1522 1539
 87:     3 |  983 1600 1255 1939 1320 1588 1606  977 2065  915 1649 1124 1452 1221 2241 1652 1997 1355 1522 1539
 88:     2 |  983 1600 1255 1939 1320 1588 1606  977 2066  915 1649 1124 1452 1222 2240 1652 1997 1355 1522 1538
 89:     4 |  983 1601 1255 1939 1320 1588 1607  977 2066  915 1649 1124 1453 1222 2239 1652 1997 1355 1522 1536
 90:     3 |  983 1602 1255 1939 1320 1587 1607  977 2067  915 1649 1124 1453 1222 2239 1651 1997 1355 1522 1536
 91:     1 |  983 1602 1255 1939 1320 1586 1607  977 2068  915 1649 1124 1453 1222 2239 1651 1997 1355 1522 1536
 92:     1 |  983 1602 1255 1939 1320 1585 1607  977 2069  915 1649 1124 1453 1222 2239 1651 1997 1355 1522 1536
 93:     2 |  983 1602 1255 1939 1320 1586 1608  977 2068  915 1649 1123 1453 1222 2239 1651 1997 1355 1522 1536
 94:     1 |  983 1602 1255 1939 1320 1586 1609  977 2067  915 1649 1123 1453 1222 2239 1651 1997 1355 1522 1536
 95:     0 |  983 1602 1255 1939 1320 1586 1609  977 2067  915 1649 1123 1453 1222 2239 1651 1997 1355 1522 1536
CONVERGED: after 96 iterations

==CONFUSION MATRIX + COUNTS==
LABEL \ CLUST
       0    1    2    3    4    5    6    7    8    9   10   11   12   13   14   15   16   17   18   19  TOT
 0:  933    1    2    0    4    6   16  858   30  872   51    1    0   17    4    4    7   27    0  128 2961
 1:    0    0    1    2   14    4    0    0   15    0    3  893 1235    0    7    2    0    2 1242    3 3423
 2:    3    1   15   26 1240   65   13   24   20    9   40   65   46 1100   61   32   45   18   53   72 2948
 3:    5    2    6   11   30   93  778    8  616    2    6   12   21   54   63 1217   17    6   64   62 3073
 4:    1  967    1  187    0    1    0    0    5    1   36   43   22   16  590    0  903   29   13  111 2926
 5:    7   31    1   10    1   80  517   36  592    6   40    3    3    2   70  321   51   16   21  901 2709
 6:   15    2    0    0   15    1    9   34   15   20 1455    7   22    5    9    2   24 1241   21   78 2975
 7:    2   36 1191 1097    8    3    0    0    1    1    0   52   50    9  410    0  188    2   33   24 3107
 8:    9   40    1   26    8 1328  259   12  726    3   15   38   37    9   65   62   29   10   59  139 2875
 9:    8  522   37  580    0    5   17    5   47    1    3    9   17   10  960   11  733    4   16   18 3003
TOT  983 1602 1255 1939 1320 1586 1609  977 2067  915 1649 1123 1453 1222 2239 1651 1997 1355 1522 1536 30000

Saving cluster labels to file outdirs/outdir_digits_all_3e4.txt_8/labels.txt
Saving cluster centers to outdirs/outdir_digits_all_3e4.txt_8/cent_0000.pgm ...
runtime: procs 8 data digits_all_3e4.txt realtime 7.43


>> ./kmeans_omp sample-mnist-data/digits_all_5e3.txt 20 outdirs/outdir_digits_all_5e3.txt_16 500
threads: 16
datafile: sample-mnist-data/digits_all_5e3.txt
nclust: 20
savedir: outdirs/outdir_digits_all_5e3.txt_16
ndata: 5000
dim: 784

==CLUSTERING: MAXITER 500==
ITER NCHANGE CLUST_COUNTS
  1:  4484 |  335  107  277  308  369  141   60  122  468   30   98  343   95  240  550  523  159  195  226  354
  2:  1886 |  297  179  287  210  391  260  125  233  303  154  231  254  186  211  340  282  106  133  340  478
  3:   976 |  252  201  234  221  368  261  200  300  284  182  229  231  167  248  293  195  149  126  351  508
  4:   632 |  221  206  213  273  333  258  249  307  288  179  235  238  167  275  253  159  162  151  332  501
  5:   362 |  217  206  209  308  301  262  291  308  279  178  235  227  172  290  221  140  172  155  339  490
  6:   212 |  215  207  207  333  282  257  319  309  274  172  232  228  174  300  196  144  174  152  346  479
  7:   130 |  211  213  204  344  271  253  338  310  277  170  227  230  181  306  180  140  179  149  349  468
  8:    91 |  211  214  203  352  262  246  348  315  281  167  225  232  188  306  171  138  183  152  348  458
  9:    67 |  212  215  203  358  256  240  356  319  281  165  222  233  194  304  168  139  186  153  347  449
 10:    52 |  215  215  202  362  252  234  362  323  283  166  219  235  200  304  165  137  189  153  345  439
 11:    45 |  215  217  199  369  245  231  368  323  283  167  219  237  202  304  165  138  192  153  345  428
 12:    41 |  216  217  198  373  241  228  369  323  283  165  219  238  204  305  165  138  191  158  346  423
 13:    36 |  216  219  195  379  237  228  374  322  283  164  219  238  205  306  165  137  191  160  347  415
 14:    34 |  216  219  193  385  234  228  376  322  283  162  218  237  206  307  165  140  190  161  346  412
 15:    28 |  216  219  191  390  233  227  377  322  284  164  218  237  208  305  165  145  189  156  345  409
 16:    30 |  216  220  192  393  229  226  381  322  284  165  217  237  209  305  165  152  189  149  343  406
 17:    18 |  216  222  191  392  229  224  380  322  284  164  217  237  211  303  166  159  189  145  343  406
 18:    11 |  217  222  191  392  229  223  380  321  284  163  217  237  213  304  165  165  189  139  343  406
 19:     9 |  218  222  191  392  229  223  380  321  284  162  217  237  214  303  164  168  189  137  343  406
 20:     6 |  217  222  191  392  229  222  380  321  284  163  217  238  216  303  164  168  189  135  343  406
 21:     8 |  216  222  191  392  229  221  380  321  284  163  217  238  218  302  164  168  189  135  344  406
 22:     5 |  214  222  191  392  229  221  380  321  284  163  217  240  218  302  164  168  189  136  343  406
 23:     8 |  212  221  191  392  229  221  380  321  284  163  217  242  218  302  163  166  189  138  344  407
 24:    10 |  210  221  191  392  229  221  380  321  284  163  217  244  218  300  162  167  189  139  344  408
 25:     4 |  212  221  191  392  229  221  380  321  284  163  218  244  218  299  160  167  189  140  344  407
 26:     3 |  213  222  191  392  229  222  380  321  284  163  218  244  218  297  159  167  189  140  344  407
 27:     4 |  212  223  191  392  229  220  379  321  284  163  218  245  220  297  159  167  189  140  344  407
 28:     6 |  212  222  191  393  229  221  378  321  284  163  218  246  221  297  158  166  189  140  344  407
 29:     4 |  211  223  191  392  229  222  378  320  284  163  218  246  222  297  158  166  189  140  344  407
 30:     5 |  210  225  192  391  229  222  378  319  284  163  218  247  222  297  158  166  189  140  344  406
 31:     3 |  210  226  193  391  229  221  378  318  284  163  218  247  223  297  158  165  189  140  344  406
 32:     1 |  210  226  193  391  229  221  378  318  285  163  218  247  222  297  158  165  189  140  344  406
 33:     0 |  210  226  193  391  229  221  378  318  285  163  218  247  222  297  158  165  189  140  344  406
CONVERGED: after 34 iterations

==CONFUSION MATRIX + COUNTS==
LABEL \ CLUST
       0    1    2    3    4    5    6    7    8    9   10   11   12   13   14   15   16   17   18   19  TOT
 0:    0   12    7    1    1    3    1    0    0  159    0    0    0   15    0  142    6  133    7    2  489
 1:  179    2    0    0    0    0    0    1    0    0    0  217    1    1  128    0    1    0    0    0  530
 2:    0    2    3    2    0  209   23    8    3    0    4    2  209    1    8    3    7    1    5    3  493
 3:    2   15    0    0    0    3   25   13  164    0    0    0    5    1    5    0   35    1  239    1  509
 4:    4   13    2  260  125    1   67    2    0    0    0   11    0    2    3    0    0    0    0    9  499
 5:    0  161    0    3    2    1   49   13   99    0    0    2    2    8    2   11   32    1   72    0  458
 6:    5    8  181    1    1    0    2    1    2    2    0    0    3  269    1    3    1    2    0    0  482
 7:    9    2    0    5    4    2   41    0    0    0  206    8    0    0    4    0    0    0    0  282  563
 8:    7    7    0    0    1    2   34  279   15    1    0    4    2    0    7    5  103    1   17    9  494
 9:    4    4    0  119   95    0  136    1    2    1    8    3    0    0    0    1    4    1    4  100  483
TOT  210  226  193  391  229  221  378  318  285  163  218  247  222  297  158  165  189  140  344  406 5000

Saving cluster labels to file outdirs/outdir_digits_all_5e3.txt_16/labels.txt
Saving cluster centers to outdirs/outdir_digits_all_5e3.txt_16/cent_0000.pgm ...
runtime: procs 16 data digits_all_5e3.txt realtime 0.62


>> ./kmeans_omp sample-mnist-data/digits_all_1e4.txt 20 outdirs/outdir_digits_all_1e4.txt_16 500
threads: 16
datafile: sample-mnist-data/digits_all_1e4.txt
nclust: 20
savedir: outdirs/outdir_digits_all_1e4.txt_16
ndata: 10000
dim: 784

==CLUSTERING: MAXITER 500==
ITER NCHANGE CLUST_COUNTS
  1:  8990 |  404   80  508  512  771  536  217  429  509  552  583  974  233  582  830  627  478  495  430  250
  2:  3223 |  403  278  407  592  685  592  271  348  487  595  630  861  309  457  675  514  371  560  427  538
  3:  1402 |  527  297  352  538  584  568  323  514  481  624  599  762  335  422  606  500  372  591  377  628
  4:   763 |  604  294  338  508  549  568  319  598  471  628  590  697  363  415  573  481  376  599  379  650
  5:   576 |  632  293  324  506  525  572  324  618  461  614  594  660  372  415  544  492  387  604  388  675
  6:   476 |  656  299  307  521  502  579  341  607  471  595  588  649  374  428  514  482  395  601  404  687
  7:   400 |  689  303  305  550  484  586  344  580  477  576  591  642  373  423  489  467  407  600  425  689
  8:   345 |  707  310  301  582  472  596  341  571  464  548  596  636  380  421  469  455  424  602  439  686
  9:   262 |  717  308  302  610  460  599  338  572  464  515  596  633  389  421  449  457  435  607  442  686
 10:   199 |  719  312  305  629  448  600  334  566  464  488  597  633  393  427  442  452  445  612  448  686
 11:   163 |  721  316  311  642  445  593  331  557  475  470  598  633  398  428  439  451  449  614  445  684
 12:   138 |  722  321  314  646  444  590  328  554  475  453  599  638  405  426  436  448  458  616  442  685
 13:   103 |  721  323  315  654  443  590  328  539  472  439  601  640  406  427  434  447  466  617  450  688
 14:   108 |  721  325  313  661  445  593  325  530  467  422  602  642  415  430  434  450  475  621  440  689
 15:   111 |  720  326  312  665  454  596  320  512  455  412  603  642  424  431  434  451  480  625  441  697
 16:   117 |  729  326  309  673  460  599  316  490  444  402  600  642  436  432  432  450  479  627  451  703
 17:   105 |  726  324  308  671  464  599  315  478  434  398  598  643  443  433  433  449  483  626  464  711
 18:   107 |  726  325  308  674  474  598  313  465  424  390  596  643  452  429  433  451  486  630  474  709
 19:    91 |  726  324  307  680  480  594  314  455  424  385  593  642  457  428  433  450  486  634  480  708
 20:    70 |  727  324  307  679  481  592  316  453  427  382  595  641  464  426  433  452  486  636  471  708
 21:    68 |  727  324  307  677  480  589  317  451  430  381  595  642  476  426  433  450  479  638  470  708
 22:    62 |  727  323  307  677  482  586  318  448  435  381  594  644  486  427  433  447  474  639  466  706
 23:    72 |  728  324  307  676  484  583  318  447  438  381  593  645  500  424  431  446  469  642  459  705
 24:    69 |  731  323  306  674  486  582  319  445  445  380  591  643  511  423  430  445  461  646  454  705
 25:    73 |  729  321  306  670  490  581  319  443  456  381  591  642  516  423  430  445  453  649  450  705
 26:    64 |  723  320  306  671  493  579  319  442  458  380  592  642  517  423  427  444  456  651  449  708
 27:    63 |  721  319  308  670  493  578  318  440  466  380  594  642  520  423  428  441  455  653  443  708
 28:    56 |  721  321  308  670  492  577  319  437  474  380  597  641  523  424  428  438  455  651  435  709
 29:    43 |  716  323  308  669  493  576  320  437  478  380  597  642  526  425  428  433  454  651  435  709
 30:    42 |  712  324  309  670  496  575  320  434  482  380  597  641  528  425  427  432  454  651  434  709
 31:    18 |  713  324  310  670  496  575  320  433  482  379  598  640  529  426  427  432  454  652  432  708
 32:    18 |  713  325  310  669  496  575  320  429  482  379  598  640  530  426  427  432  455  653  431  710
 33:    19 |  714  325  310  668  496  575  320  427  484  379  598  640  527  427  427  431  454  653  434  711
 34:    16 |  715  325  310  666  496  575  320  426  481  379  598  640  531  428  427  430  452  654  436  711
 35:    18 |  716  325  310  666  496  572  320  426  480  379  598  640  536  430  427  430  450  653  436  710
 36:    12 |  716  325  310  665  496  572  320  427  480  379  598  640  541  430  428  430  447  652  435  709
 37:    16 |  714  326  310  666  496  571  320  427  483  379  598  640  546  430  428  430  448  652  428  708
 38:    16 |  711  326  310  666  498  570  320  427  484  379  599  640  551  431  428  430  445  652  425  708
 39:    19 |  711  326  310  666  500  569  319  426  485  379  599  640  558  431  428  430  442  653  421  707
 40:    11 |  710  326  310  666  499  568  319  426  487  379  599  640  559  431  429  429  440  655  421  707
 41:    10 |  710  327  310  666  499  567  318  426  487  379  599  640  564  431  430  429  436  655  420  707
 42:    14 |  709  329  310  666  499  566  316  426  487  379  599  640  568  431  431  429  435  655  418  707
 43:     9 |  709  329  310  666  499  565  314  426  488  379  599  640  569  431  433  429  433  655  419  707
 44:    15 |  709  329  310  666  499  565  313  426  488  379  599  640  576  431  434  428  426  654  421  707
 45:    18 |  708  329  309  665  499  562  312  426  488  381  599  640  578  431  434  427  427  655  422  708
 46:    16 |  708  330  309  665  499  560  312  427  488  382  599  640  577  431  434  426  428  655  422  708
 47:    17 |  708  332  309  665  499  557  312  428  489  383  599  640  580  431  434  424  426  655  421  708
 48:    22 |  705  332  309  665  499  555  312  428  490  383  600  640  585  432  434  424  423  655  421  708
 49:    28 |  706  333  309  665  499  552  312  428  490  386  603  639  583  432  434  423  417  657  424  708
 50:    20 |  704  333  310  665  499  550  312  428  490  386  605  639  584  432  434  423  415  657  426  708
 51:    30 |  704  333  310  665  498  547  312  428  493  388  605  639  588  432  434  423  407  657  429  708
 52:    40 |  702  333  311  666  497  545  312  428  495  389  606  640  588  431  434  424  404  659  430  706
 53:    30 |  702  333  311  666  497  541  313  427  500  391  606  639  588  431  434  424  396  660  434  707
 54:    33 |  699  333  311  667  495  536  314  426  502  391  606  639  589  431  434  424  398  660  440  705
 55:    41 |  697  333  312  667  496  533  315  423  507  390  607  639  595  430  434  424  397  658  441  702
 56:    49 |  695  334  312  668  498  528  317  422  511  391  608  640  593  429  433  424  394  658  444  701
 57:    42 |  696  335  312  666  499  523  317  419  516  391  609  640  603  429  433  424  381  659  448  700
 58:    39 |  699  335  312  667  500  514  316  419  521  391  611  640  600  429  432  425  382  659  451  697
 59:    38 |  699  337  312  666  501  508  316  419  521  391  611  641  606  428  432  425  379  661  448  699
 60:    45 |  699  339  312  667  500  503  317  417  524  391  610  641  608  428  432  427  376  663  447  699
 61:    41 |  700  340  311  667  500  502  317  415  525  391  611  643  610  427  432  430  379  662  440  698
 62:    35 |  697  342  311  666  500  500  317  412  528  391  612  644  609  426  432  431  385  661  439  697
 63:    35 |  691  343  310  666  500  497  320  410  528  392  615  643  610  425  432  433  394  659  436  696
 64:    35 |  685  343  310  666  500  498  319  409  529  392  617  641  611  425  432  433  404  656  435  695
 65:    32 |  679  344  311  669  500  495  317  408  527  392  616  641  613  424  431  433  414  656  434  696
 66:    38 |  679  346  311  670  500  491  315  407  528  392  615  642  616  423  430  432  420  656  433  694
 67:    44 |  673  347  311  670  502  490  309  406  533  392  616  643  615  422  431  432  425  655  435  693
 68:    34 |  673  347  309  669  504  488  307  406  535  392  617  643  617  422  431  432  428  654  434  692
 69:    26 |  675  348  309  669  502  491  307  407  538  392  617  642  615  422  431  432  426  654  434  689
 70:    19 |  673  348  310  670  504  489  304  407  543  392  617  642  613  422  431  432  426  655  435  687
 71:    15 |  671  348  310  671  504  489  303  407  549  391  617  641  611  422  429  432  429  655  434  687
 72:    16 |  668  348  310  672  504  489  303  408  551  391  619  641  612  422  428  432  426  655  435  686
 73:    24 |  667  348  310  673  503  488  303  408  556  391  619  642  610  422  426  433  428  655  433  685
 74:    20 |  663  348  310  673  503  485  303  409  562  391  621  642  602  422  426  433  433  655  433  686
 75:    12 |  663  348  310  674  503  483  303  409  563  391  621  642  599  423  425  433  438  655  433  684
 76:    15 |  664  348  310  674  502  480  303  409  564  391  621  642  595  423  423  433  446  655  432  685
 77:    11 |  664  348  311  674  502  479  303  409  565  391  622  642  592  423  422  433  448  655  432  685
 78:     4 |  666  348  311  673  502  480  303  409  564  391  622  642  591  423  422  433  447  656  432  685
 79:     3 |  666  348  311  673  502  480  303  409  563  391  622  642  591  423  421  433  448  657  432  685
 80:     2 |  664  348  311  673  503  480  303  409  563  391  622  642  591  423  421  433  448  658  432  685
 81:     2 |  666  348  311  672  503  480  303  409  563  391  622  642  591  423  420  433  448  658  432  685
 82:     5 |  668  348  311  672  504  480  303  409  563  391  622  642  591  423  418  433  448  658  432  684
 83:     6 |  668  349  311  671  505  480  303  409  564  391  622  642  591  423  417  433  448  658  432  683
 84:    13 |  664  349  311  671  507  480  303  409  567  391  625  642  589  423  416  433  450  658  431  681
 85:    12 |  661  351  311  671  507  480  303  409  568  391  627  643  588  423  416  433  450  658  431  679
 86:    19 |  661  352  311  669  508  480  302  410  568  391  630  644  589  423  414  433  450  659  431  675
 87:    27 |  657  351  313  666  510  480  302  410  568  391  634  644  590  424  413  433  452  662  431  669
 88:    23 |  660  352  312  663  512  480  302  412  568  391  636  645  591  424  412  433  451  663  431  662
 89:    24 |  661  352  312  661  512  480  303  414  567  391  640  648  590  424  411  433  455  663  430  653
 90:    24 |  663  351  312  658  511  481  303  415  568  391  645  650  591  424  410  433  455  663  428  648
 91:    28 |  655  350  312  654  514  481  303  416  569  391  651  651  591  424  410  433  456  667  428  644
 92:    38 |  660  350  312  646  513  481  305  417  568  391  656  651  592  425  408  433  458  669  429  636
 93:    33 |  656  350  313  641  515  481  305  417  569  391  663  650  592  425  408  433  462  669  429  631
 94:    28 |  653  350  313  638  519  482  305  416  570  391  668  651  593  425  407  433  462  669  429  626
 95:    31 |  642  349  313  635  527  482  303  418  570  391  673  652  592  425  408  433  462  670  429  626
 96:    32 |  645  349  313  626  528  481  304  418  570  391  675  652  593  425  409  433  462  670  430  626
 97:    34 |  650  349  313  618  535  480  305  419  571  391  676  652  593  425  404  433  463  669  431  623
 98:    41 |  645  349  314  610  546  479  304  419  571  391  679  651  593  425  402  433  463  670  431  625
 99:    38 |  651  348  314  601  551  477  304  420  571  391  682  652  594  425  398  433  466  669  431  622
100:    26 |  647  347  314  599  557  476  303  419  571  391  685  653  594  425  398  433  467  669  431  621
101:    20 |  641  347  314  595  565  476  303  419  571  391  686  653  593  425  398  433  469  669  432  620
102:    23 |  634  346  314  597  571  476  303  419  571  391  688  653  592  425  396  433  470  669  433  619
103:    20 |  630  345  314  594  575  476  303  419  571  391  690  652  591  425  397  433  473  669  433  619
104:    23 |  623  346  314  591  582  476  304  419  571  391  692  651  590  425  396  433  474  669  433  620
105:    19 |  621  346  314  589  586  476  304  419  571  391  693  649  590  425  395  433  476  669  434  619
106:    14 |  619  346  315  588  589  476  304  419  571  391  694  649  591  425  393  434  475  669  433  619
107:    15 |  617  346  316  586  590  476  304  419  571  393  696  648  590  425  393  432  476  670  434  618
108:    12 |  615  346  316  586  590  476  305  419  571  394  698  648  589  425  395  430  477  670  435  615
109:    12 |  614  346  316  586  592  476  305  419  571  394  699  648  587  425  397  430  478  669  436  612
110:     7 |  613  346  316  585  594  476  305  419  571  394  700  648  585  425  397  430  479  669  436  612
111:     2 |  613  346  316  585  594  476  305  419  571  394  700  648  585  425  398  430  479  669  435  612
112:     0 |  613  346  316  585  594  476  305  419  571  394  700  648  585  425  398  430  479  669  435  612
CONVERGED: after 113 iterations

==CONFUSION MATRIX + COUNTS==
LABEL \ CLUST
       0    1    2    3    4    5    6    7    8    9   10   11   12   13   14   15   16   17   18   19  TOT
 0:    0   36    9    3    0    1    1   16    6  380    0    0   12   12    2  405    6    2   77    0  968
 1:    0    0    0    0    2    4    0    5    0    0  521  557    0    0    0    0    3    1    0    0 1093
 2:    6   12   28    1   18   13    1   16   20    0   55   34   16    2    8    9   91  646    0    5  981
 3:   15    4    1    2   17   30    0   17  486    1   32    1  308    0    2    1   64   10   11    0 1002
 4:   87   11    9   13  232    2  172   36    0    0   11   13    0    2    0    0    0    2    1  443 1034
 5:   10    9    1    0   23    1    8  282   23    4    5    0  168   12    1    6   13    2  315    9  892
 6:    0  271  267    0    0    0    3    3    0    4   21    3    2  396    0    2    0    0   11    0  983
 7:  217    0    1  400   40    1   17    9    0    0   19   24    0    0  372    0    1    3    0    9 1113
 8:   13    2    0    7    4  423   10   22   31    4   29   11   74    0    0    4  295    3   16    8  956
 9:  265    1    0  159  258    1   93   13    5    1    7    5    5    1   13    3    6    0    4  138  978
TOT  613  346  316  585  594  476  305  419  571  394  700  648  585  425  398  430  479  669  435  612 10000

Saving cluster labels to file outdirs/outdir_digits_all_1e4.txt_16/labels.txt
Saving cluster centers to outdirs/outdir_digits_all_1e4.txt_16/cent_0000.pgm ...
runtime: procs 16 data digits_all_1e4.txt realtime 1.90


>> ./kmeans_omp sample-mnist-data/digits_all_3e4.txt 20 outdirs/outdir_digits_all_3e4.txt_16 500
threads: 16
datafile: sample-mnist-data/digits_all_3e4.txt
nclust: 20
savedir: outdirs/outdir_digits_all_3e4.txt_16
ndata: 30000
dim: 784

==CLUSTERING: MAXITER 500==
ITER NCHANGE CLUST_COUNTS
  1: 27318 |  529  328 1732 1400  490  598 2988 1689 1043 3017 2786 1435 1292  609 1865 1043 1483 2434 1670 1569
  2: 11588 | 1179  892 1932 1620 1151  966 2709 1626  395 2328 1432 1233 2004  934 1478 1152 1797 1985 1849 1338
  3:  5761 | 1290 1303 1678 1704 1281 1119 2389 1425  944 2168 1318 1393 1609 1195 1357 1132 1939 1675 1759 1322
  4:  3587 | 1293 1542 1622 1798 1252 1196 2111 1503 1149 2113 1186 1350 1486 1368 1468 1172 2016 1461 1640 1274
  5:  2465 | 1242 1714 1616 1868 1191 1214 1933 1635 1220 2097 1066 1305 1433 1404 1620 1169 2039 1421 1559 1254
  6:  1797 | 1170 1820 1616 1884 1156 1214 1794 1695 1319 2076 1005 1270 1412 1422 1768 1168 2038 1426 1457 1290
  7:  1465 | 1078 1884 1601 1885 1194 1194 1697 1734 1415 2078  965 1243 1388 1424 1922 1165 2012 1430 1388 1303
  8:  1256 | 1035 1903 1570 1888 1206 1159 1628 1771 1497 2073  945 1214 1355 1416 2074 1173 2003 1438 1343 1309
  9:  1115 | 1009 1914 1535 1886 1205 1142 1584 1783 1565 2047  932 1193 1334 1403 2205 1174 2014 1435 1325 1315
 10:  1068 |  990 1944 1498 1867 1169 1174 1547 1797 1635 1996  927 1173 1331 1399 2291 1184 2013 1428 1318 1319
 11:  1055 |  972 1962 1466 1856 1139 1203 1553 1774 1722 1923  931 1146 1344 1388 2362 1191 2013 1411 1315 1329
 12:  1112 | 1000 1974 1437 1856 1108 1257 1561 1711 1780 1803  940 1130 1362 1366 2421 1219 2019 1394 1320 1342
 13:  1015 | 1029 1982 1420 1860 1103 1255 1606 1617 1837 1684  991 1117 1375 1338 2452 1252 2022 1357 1324 1379
 14:   961 | 1058 1987 1407 1862 1127 1240 1645 1497 1868 1570 1081 1100 1392 1319 2483 1284 2026 1328 1324 1402
 15:   865 | 1075 1975 1397 1872 1158 1242 1676 1382 1869 1473 1144 1087 1412 1290 2538 1308 2040 1301 1334 1427
 16:   678 | 1107 1967 1389 1866 1196 1241 1683 1291 1867 1378 1202 1081 1428 1263 2595 1332 2046 1284 1345 1439
 17:   541 | 1125 1958 1383 1875 1230 1239 1684 1226 1881 1299 1242 1076 1438 1252 2634 1344 2040 1281 1350 1443
 18:   483 | 1150 1954 1375 1897 1254 1238 1669 1173 1891 1221 1291 1069 1444 1245 2657 1356 2032 1283 1358 1443
 19:   390 | 1180 1940 1381 1904 1267 1234 1649 1131 1904 1164 1339 1070 1447 1233 2671 1360 2028 1292 1364 1442
 20:   309 | 1197 1928 1381 1917 1272 1236 1636 1122 1896 1116 1390 1073 1449 1227 2682 1357 2020 1290 1367 1444
 21:   270 | 1206 1922 1381 1933 1278 1239 1619 1124 1899 1085 1423 1072 1449 1221 2687 1348 2007 1290 1367 1450
 22:   243 | 1211 1919 1381 1941 1278 1247 1605 1113 1902 1055 1470 1074 1445 1216 2687 1337 1998 1294 1369 1458
 23:   213 | 1210 1921 1381 1945 1278 1247 1591 1107 1911 1031 1506 1077 1442 1218 2677 1330 1986 1299 1372 1471
 24:   201 | 1207 1921 1378 1951 1281 1253 1584 1090 1910 1010 1529 1080 1443 1219 2679 1321 1974 1304 1374 1492
 25:   200 | 1199 1921 1374 1955 1282 1257 1576 1071 1914  994 1551 1082 1441 1218 2681 1323 1970 1309 1375 1507
 26:   199 | 1191 1917 1371 1957 1284 1270 1570 1057 1908  978 1578 1080 1439 1216 2669 1325 1967 1316 1376 1531
 27:   200 | 1185 1914 1368 1957 1284 1277 1569 1033 1911  964 1591 1080 1436 1216 2661 1329 1966 1322 1375 1562
 28:   224 | 1175 1910 1361 1957 1282 1291 1566 1024 1914  953 1593 1080 1432 1213 2644 1333 1963 1326 1378 1605
 29:   248 | 1161 1901 1357 1958 1283 1321 1564  988 1911  958 1607 1083 1431 1214 2622 1332 1962 1328 1377 1642
 30:   287 | 1149 1889 1353 1957 1284 1355 1564  957 1912  961 1606 1088 1430 1214 2582 1336 1961 1339 1377 1686
 31:   335 | 1135 1871 1350 1960 1285 1388 1568  934 1914  953 1599 1091 1433 1214 2543 1341 1956 1348 1376 1741
 32:   387 | 1116 1841 1341 1957 1285 1432 1579  919 1910  945 1616 1098 1440 1215 2512 1341 1946 1348 1377 1782
 33:   401 | 1090 1820 1338 1956 1285 1494 1583  927 1913  932 1624 1106 1441 1218 2482 1350 1939 1348 1380 1774
 34:   401 | 1075 1792 1326 1955 1286 1546 1592  936 1911  921 1634 1110 1443 1216 2464 1357 1934 1345 1385 1772
 35:   439 | 1060 1755 1314 1958 1288 1600 1599  948 1924  915 1643 1120 1448 1216 2439 1360 1933 1340 1387 1753
 36:   433 | 1045 1733 1298 1961 1293 1620 1602  962 1958  914 1646 1132 1453 1215 2402 1371 1936 1338 1391 1730
 37:   374 | 1030 1713 1291 1966 1298 1635 1608  961 1985  920 1650 1136 1455 1220 2363 1380 1942 1342 1398 1707
 38:   318 | 1017 1689 1286 1975 1301 1662 1617  962 2006  921 1656 1137 1452 1220 2334 1388 1950 1342 1410 1675
 39:   292 | 1010 1665 1279 1974 1303 1685 1626  963 2022  917 1652 1144 1450 1220 2314 1399 1963 1346 1425 1643
 40:   206 | 1005 1650 1277 1969 1306 1683 1631  962 2038  919 1653 1151 1449 1218 2299 1409 1973 1345 1435 1628
 41:   206 | 1000 1641 1273 1961 1310 1700 1633  963 2053  915 1652 1155 1449 1221 2281 1424 1985 1345 1442 1597
 42:   204 |  997 1631 1272 1954 1311 1711 1633  962 2070  914 1648 1151 1448 1219 2282 1434 1987 1349 1445 1582
 43:   175 |  994 1634 1271 1947 1311 1716 1633  959 2079  917 1645 1146 1450 1220 2269 1444 1988 1351 1454 1572
 44:   166 |  989 1631 1269 1944 1315 1718 1628  963 2086  918 1643 1144 1450 1220 2259 1463 1992 1352 1457 1559
 45:   133 |  987 1628 1267 1940 1317 1709 1628  965 2101  917 1642 1141 1451 1220 2255 1473 1995 1353 1459 1552
 46:   109 |  991 1617 1262 1937 1317 1697 1621  966 2120  912 1643 1141 1451 1221 2262 1480 1996 1354 1462 1550
 47:    94 |  991 1612 1259 1935 1317 1677 1613  965 2134  913 1642 1141 1452 1222 2256 1496 2004 1353 1467 1551
 48:    90 |  990 1609 1259 1934 1320 1663 1612  965 2138  913 1642 1140 1451 1223 2254 1510 2006 1354 1470 1547
 49:    72 |  990 1602 1258 1936 1320 1655 1613  967 2136  913 1643 1138 1452 1224 2251 1518 2008 1353 1474 1549
 50:    72 |  989 1600 1258 1939 1318 1643 1612  969 2139  913 1642 1136 1455 1224 2249 1529 2008 1353 1477 1547
 51:    53 |  989 1599 1257 1938 1319 1634 1611  969 2141  913 1644 1134 1455 1224 2249 1542 2003 1353 1479 1547
 52:    52 |  989 1596 1257 1938 1318 1628 1611  970 2140  913 1644 1131 1456 1224 2247 1552 2003 1354 1484 1545
 53:    41 |  989 1598 1257 1936 1319 1626 1606  970 2141  913 1642 1131 1456 1223 2242 1559 2003 1354 1490 1545
 54:    39 |  989 1596 1258 1936 1322 1623 1602  970 2133  913 1641 1130 1456 1221 2242 1572 2003 1354 1495 1544
 55:    28 |  989 1596 1258 1937 1325 1619 1601  970 2134  913 1641 1129 1455 1221 2239 1575 2002 1354 1497 1545
 56:    23 |  989 1597 1258 1937 1323 1618 1598  971 2137  913 1642 1128 1454 1221 2239 1576 2002 1354 1499 1544
 57:    14 |  989 1597 1258 1937 1322 1620 1596  970 2134  914 1642 1128 1455 1222 2239 1578 2003 1354 1500 1542
 58:    11 |  990 1597 1258 1937 1322 1617 1596  970 2133  913 1642 1128 1455 1222 2239 1579 2003 1354 1502 1543
 59:    13 |  989 1597 1258 1937 1322 1615 1594  970 2131  913 1642 1128 1454 1222 2240 1583 2004 1354 1503 1544
 60:    21 |  989 1597 1258 1937 1322 1612 1592  970 2128  913 1643 1128 1455 1222 2241 1587 2004 1354 1503 1545
 61:    19 |  989 1597 1258 1938 1324 1606 1593  970 2131  913 1642 1128 1456 1222 2239 1589 2003 1354 1503 1545
 62:    18 |  989 1599 1258 1938 1325 1602 1593  971 2128  913 1642 1128 1457 1222 2239 1593 2002 1354 1505 1542
 63:    15 |  989 1599 1258 1938 1324 1601 1593  971 2126  913 1644 1128 1457 1222 2240 1596 2002 1354 1505 1540
 64:    14 |  989 1599 1258 1938 1324 1603 1593  971 2125  913 1644 1127 1456 1220 2240 1601 2001 1354 1505 1539
 65:    12 |  989 1599 1258 1938 1324 1605 1592  971 2125  913 1644 1127 1455 1219 2240 1603 2001 1354 1505 1538
 66:     7 |  989 1599 1258 1938 1324 1608 1592  971 2121  913 1644 1126 1454 1219 2240 1606 2001 1354 1506 1537
 67:    11 |  989 1599 1257 1938 1325 1607 1592  971 2116  913 1644 1126 1454 1219 2241 1610 2001 1354 1507 1537
 68:    13 |  989 1598 1257 1938 1325 1606 1593  971 2117  913 1644 1126 1454 1218 2242 1611 1998 1354 1508 1538
 69:    12 |  989 1598 1257 1938 1324 1604 1594  972 2113  913 1644 1126 1454 1218 2242 1612 1998 1355 1508 1541
 70:    15 |  988 1598 1257 1940 1324 1602 1594  973 2108  913 1644 1126 1455 1218 2242 1616 1997 1355 1510 1540
 71:    14 |  989 1599 1257 1940 1324 1601 1593  972 2106  914 1644 1125 1455 1218 2242 1618 1997 1355 1512 1539
 72:    18 |  989 1598 1257 1941 1324 1597 1595  972 2105  915 1646 1124 1455 1219 2242 1617 1995 1355 1514 1540
 73:    21 |  988 1598 1256 1941 1324 1597 1593  971 2101  916 1647 1124 1455 1219 2242 1624 1995 1355 1515 1539
 74:    26 |  987 1597 1256 1940 1324 1596 1593  974 2093  916 1648 1125 1456 1219 2242 1627 1996 1355 1517 1539
 75:    14 |  986 1597 1256 1940 1324 1595 1592  976 2086  916 1649 1125 1457 1219 2242 1630 1996 1355 1519 1540
 76:    12 |  985 1597 1256 1940 1324 1594 1593  976 2080  916 1651 1125 1457 1219 2242 1634 1996 1355 1520 1540
 77:    18 |  984 1597 1256 1939 1324 1589 1593  976 2083  916 1651 1125 1456 1219 2242 1638 1996 1354 1521 1541
 78:    13 |  983 1598 1256 1939 1324 1589 1594  976 2080  916 1651 1125 1455 1220 2242 1637 1996 1355 1522 1542
 79:     6 |  983 1598 1256 1939 1323 1587 1597  976 2078  916 1651 1125 1455 1221 2242 1637 1996 1355 1522 1543
 80:     6 |  983 1599 1256 1939 1324 1587 1598  976 2076  916 1651 1124 1455 1221 2242 1638 1996 1355 1522 1542
 81:     8 |  983 1600 1255 1939 1324 1586 1599  976 2076  916 1650 1124 1455 1221 2242 1640 1996 1355 1522 1541
 82:    12 |  983 1600 1255 1939 1324 1585 1601  976 2073  916 1649 1124 1453 1221 2243 1645 1996 1355 1522 1540
 83:     9 |  983 1600 1255 1939 1324 1585 1602  976 2071  916 1649 1124 1452 1220 2242 1649 1996 1355 1522 1540
 84:     6 |  983 1600 1255 1939 1324 1586 1604  976 2068  916 1649 1124 1452 1219 2241 1651 1996 1355 1522 1540
 85:     5 |  983 1600 1255 1939 1323 1586 1605  976 2067  915 1649 1124 1452 1220 2241 1652 1996 1355 1522 1540
 86:     5 |  983 1600 1255 1939 1322 1588 1605  977 2066  915 1649 1124 1452 1220 2241 1652 1996 1355 1522 1539
 87:     3 |  983 1600 1255 1939 1320 1588 1606  977 2065  915 1649 1124 1452 1221 2241 1652 1997 1355 1522 1539
 88:     2 |  983 1600 1255 1939 1320 1588 1606  977 2066  915 1649 1124 1452 1222 2240 1652 1997 1355 1522 1538
 89:     4 |  983 1601 1255 1939 1320 1588 1607  977 2066  915 1649 1124 1453 1222 2239 1652 1997 1355 1522 1536
 90:     3 |  983 1602 1255 1939 1320 1587 1607  977 2067  915 1649 1124 1453 1222 2239 1651 1997 1355 1522 1536
 91:     1 |  983 1602 1255 1939 1320 1586 1607  977 2068  915 1649 1124 1453 1222 2239 1651 1997 1355 1522 1536
 92:     1 |  983 1602 1255 1939 1320 1585 1607  977 2069  915 1649 1124 1453 1222 2239 1651 1997 1355 1522 1536
 93:     2 |  983 1602 1255 1939 1320 1586 1608  977 2068  915 1649 1123 1453 1222 2239 1651 1997 1355 1522 1536
 94:     1 |  983 1602 1255 1939 1320 1586 1609  977 2067  915 1649 1123 1453 1222 2239 1651 1997 1355 1522 1536
 95:     0 |  983 1602 1255 1939 1320 1586 1609  977 2067  915 1649 1123 1453 1222 2239 1651 1997 1355 1522 1536
CONVERGED: after 96 iterations

==CONFUSION MATRIX + COUNTS==
LABEL \ CLUST
       0    1    2    3    4    5    6    7    8    9   10   11   12   13   14   15   16   17   18   19  TOT
 0:  933    1    2    0    4    6   16  858   30  872   51    1    0   17    4    4    7   27    0  128 2961
 1:    0    0    1    2   14    4    0    0   15    0    3  893 1235    0    7    2    0    2 1242    3 3423
 2:    3    1   15   26 1240   65   13   24   20    9   40   65   46 1100   61   32   45   18   53   72 2948
 3:    5    2    6   11   30   93  778    8  616    2    6   12   21   54   63 1217   17    6   64   62 3073
 4:    1  967    1  187    0    1    0    0    5    1   36   43   22   16  590    0  903   29   13  111 2926
 5:    7   31    1   10    1   80  517   36  592    6   40    3    3    2   70  321   51   16   21  901 2709
 6:   15    2    0    0   15    1    9   34   15   20 1455    7   22    5    9    2   24 1241   21   78 2975
 7:    2   36 1191 1097    8    3    0    0    1    1    0   52   50    9  410    0  188    2   33   24 3107
 8:    9   40    1   26    8 1328  259   12  726    3   15   38   37    9   65   62   29   10   59  139 2875
 9:    8  522   37  580    0    5   17    5   47    1    3    9   17   10  960   11  733    4   16   18 3003
TOT  983 1602 1255 1939 1320 1586 1609  977 2067  915 1649 1123 1453 1222 2239 1651 1997 1355 1522 1536 30000

Saving cluster labels to file outdirs/outdir_digits_all_3e4.txt_16/labels.txt
Saving cluster centers to outdirs/outdir_digits_all_3e4.txt_16/cent_0000.pgm ...
runtime: procs 16 data digits_all_3e4.txt realtime 4.94


>> ./kmeans_omp sample-mnist-data/digits_all_5e3.txt 20 outdirs/outdir_digits_all_5e3.txt_36 500
threads: 36
datafile: sample-mnist-data/digits_all_5e3.txt
nclust: 20
savedir: outdirs/outdir_digits_all_5e3.txt_36
ndata: 5000
dim: 784

==CLUSTERING: MAXITER 500==
ITER NCHANGE CLUST_COUNTS
  1:  4484 |  335  107  277  308  369  141   60  122  468   30   98  343   95  240  550  523  159  195  226  354
  2:  1886 |  297  179  287  210  391  260  125  233  303  154  231  254  186  211  340  282  106  133  340  478
  3:   976 |  252  201  234  221  368  261  200  300  284  182  229  231  167  248  293  195  149  126  351  508
  4:   632 |  221  206  213  273  333  258  249  307  288  179  235  238  167  275  253  159  162  151  332  501
  5:   362 |  217  206  209  308  301  262  291  308  279  178  235  227  172  290  221  140  172  155  339  490
  6:   212 |  215  207  207  333  282  257  319  309  274  172  232  228  174  300  196  144  174  152  346  479
  7:   130 |  211  213  204  344  271  253  338  310  277  170  227  230  181  306  180  140  179  149  349  468
  8:    91 |  211  214  203  352  262  246  348  315  281  167  225  232  188  306  171  138  183  152  348  458
  9:    67 |  212  215  203  358  256  240  356  319  281  165  222  233  194  304  168  139  186  153  347  449
 10:    52 |  215  215  202  362  252  234  362  323  283  166  219  235  200  304  165  137  189  153  345  439
 11:    45 |  215  217  199  369  245  231  368  323  283  167  219  237  202  304  165  138  192  153  345  428
 12:    41 |  216  217  198  373  241  228  369  323  283  165  219  238  204  305  165  138  191  158  346  423
 13:    36 |  216  219  195  379  237  228  374  322  283  164  219  238  205  306  165  137  191  160  347  415
 14:    34 |  216  219  193  385  234  228  376  322  283  162  218  237  206  307  165  140  190  161  346  412
 15:    28 |  216  219  191  390  233  227  377  322  284  164  218  237  208  305  165  145  189  156  345  409
 16:    30 |  216  220  192  393  229  226  381  322  284  165  217  237  209  305  165  152  189  149  343  406
 17:    18 |  216  222  191  392  229  224  380  322  284  164  217  237  211  303  166  159  189  145  343  406
 18:    11 |  217  222  191  392  229  223  380  321  284  163  217  237  213  304  165  165  189  139  343  406
 19:     9 |  218  222  191  392  229  223  380  321  284  162  217  237  214  303  164  168  189  137  343  406
 20:     6 |  217  222  191  392  229  222  380  321  284  163  217  238  216  303  164  168  189  135  343  406
 21:     8 |  216  222  191  392  229  221  380  321  284  163  217  238  218  302  164  168  189  135  344  406
 22:     5 |  214  222  191  392  229  221  380  321  284  163  217  240  218  302  164  168  189  136  343  406
 23:     8 |  212  221  191  392  229  221  380  321  284  163  217  242  218  302  163  166  189  138  344  407
 24:    10 |  210  221  191  392  229  221  380  321  284  163  217  244  218  300  162  167  189  139  344  408
 25:     4 |  212  221  191  392  229  221  380  321  284  163  218  244  218  299  160  167  189  140  344  407
 26:     3 |  213  222  191  392  229  222  380  321  284  163  218  244  218  297  159  167  189  140  344  407
 27:     4 |  212  223  191  392  229  220  379  321  284  163  218  245  220  297  159  167  189  140  344  407
 28:     6 |  212  222  191  393  229  221  378  321  284  163  218  246  221  297  158  166  189  140  344  407
 29:     4 |  211  223  191  392  229  222  378  320  284  163  218  246  222  297  158  166  189  140  344  407
 30:     5 |  210  225  192  391  229  222  378  319  284  163  218  247  222  297  158  166  189  140  344  406
 31:     3 |  210  226  193  391  229  221  378  318  284  163  218  247  223  297  158  165  189  140  344  406
 32:     1 |  210  226  193  391  229  221  378  318  285  163  218  247  222  297  158  165  189  140  344  406
 33:     0 |  210  226  193  391  229  221  378  318  285  163  218  247  222  297  158  165  189  140  344  406
CONVERGED: after 34 iterations

==CONFUSION MATRIX + COUNTS==
LABEL \ CLUST
       0    1    2    3    4    5    6    7    8    9   10   11   12   13   14   15   16   17   18   19  TOT
 0:    0   12    7    1    1    3    1    0    0  159    0    0    0   15    0  142    6  133    7    2  489
 1:  179    2    0    0    0    0    0    1    0    0    0  217    1    1  128    0    1    0    0    0  530
 2:    0    2    3    2    0  209   23    8    3    0    4    2  209    1    8    3    7    1    5    3  493
 3:    2   15    0    0    0    3   25   13  164    0    0    0    5    1    5    0   35    1  239    1  509
 4:    4   13    2  260  125    1   67    2    0    0    0   11    0    2    3    0    0    0    0    9  499
 5:    0  161    0    3    2    1   49   13   99    0    0    2    2    8    2   11   32    1   72    0  458
 6:    5    8  181    1    1    0    2    1    2    2    0    0    3  269    1    3    1    2    0    0  482
 7:    9    2    0    5    4    2   41    0    0    0  206    8    0    0    4    0    0    0    0  282  563
 8:    7    7    0    0    1    2   34  279   15    1    0    4    2    0    7    5  103    1   17    9  494
 9:    4    4    0  119   95    0  136    1    2    1    8    3    0    0    0    1    4    1    4  100  483
TOT  210  226  193  391  229  221  378  318  285  163  218  247  222  297  158  165  189  140  344  406 5000

Saving cluster labels to file outdirs/outdir_digits_all_5e3.txt_36/labels.txt
Saving cluster centers to outdirs/outdir_digits_all_5e3.txt_36/cent_0000.pgm ...
runtime: procs 36 data digits_all_5e3.txt realtime 0.53


>> ./kmeans_omp sample-mnist-data/digits_all_1e4.txt 20 outdirs/outdir_digits_all_1e4.txt_36 500
threads: 36
datafile: sample-mnist-data/digits_all_1e4.txt
nclust: 20
savedir: outdirs/outdir_digits_all_1e4.txt_36
ndata: 10000
dim: 784

==CLUSTERING: MAXITER 500==
ITER NCHANGE CLUST_COUNTS
  1:  8990 |  404   80  508  512  771  536  217  429  509  552  583  974  233  582  830  627  478  495  430  250
  2:  3223 |  403  278  407  592  685  592  271  348  487  595  630  861  309  457  675  514  371  560  427  538
  3:  1402 |  527  297  352  538  584  568  323  514  481  624  599  762  335  422  606  500  372  591  377  628
  4:   763 |  604  294  338  508  549  568  319  598  471  628  590  697  363  415  573  481  376  599  379  650
  5:   576 |  632  293  324  506  525  572  324  618  461  614  594  660  372  415  544  492  387  604  388  675
  6:   476 |  656  299  307  521  502  579  341  607  471  595  588  649  374  428  514  482  395  601  404  687
  7:   400 |  689  303  305  550  484  586  344  580  477  576  591  642  373  423  489  467  407  600  425  689
  8:   345 |  707  310  301  582  472  596  341  571  464  548  596  636  380  421  469  455  424  602  439  686
  9:   262 |  717  308  302  610  460  599  338  572  464  515  596  633  389  421  449  457  435  607  442  686
 10:   199 |  719  312  305  629  448  600  334  566  464  488  597  633  393  427  442  452  445  612  448  686
 11:   163 |  721  316  311  642  445  593  331  557  475  470  598  633  398  428  439  451  449  614  445  684
 12:   138 |  722  321  314  646  444  590  328  554  475  453  599  638  405  426  436  448  458  616  442  685
 13:   103 |  721  323  315  654  443  590  328  539  472  439  601  640  406  427  434  447  466  617  450  688
 14:   108 |  721  325  313  661  445  593  325  530  467  422  602  642  415  430  434  450  475  621  440  689
 15:   111 |  720  326  312  665  454  596  320  512  455  412  603  642  424  431  434  451  480  625  441  697
 16:   117 |  729  326  309  673  460  599  316  490  444  402  600  642  436  432  432  450  479  627  451  703
 17:   105 |  726  324  308  671  464  599  315  478  434  398  598  643  443  433  433  449  483  626  464  711
 18:   107 |  726  325  308  674  474  598  313  465  424  390  596  643  452  429  433  451  486  630  474  709
 19:    91 |  726  324  307  680  480  594  314  455  424  385  593  642  457  428  433  450  486  634  480  708
 20:    70 |  727  324  307  679  481  592  316  453  427  382  595  641  464  426  433  452  486  636  471  708
 21:    68 |  727  324  307  677  480  589  317  451  430  381  595  642  476  426  433  450  479  638  470  708
 22:    62 |  727  323  307  677  482  586  318  448  435  381  594  644  486  427  433  447  474  639  466  706
 23:    72 |  728  324  307  676  484  583  318  447  438  381  593  645  500  424  431  446  469  642  459  705
 24:    69 |  731  323  306  674  486  582  319  445  445  380  591  643  511  423  430  445  461  646  454  705
 25:    73 |  729  321  306  670  490  581  319  443  456  381  591  642  516  423  430  445  453  649  450  705
 26:    64 |  723  320  306  671  493  579  319  442  458  380  592  642  517  423  427  444  456  651  449  708
 27:    63 |  721  319  308  670  493  578  318  440  466  380  594  642  520  423  428  441  455  653  443  708
 28:    56 |  721  321  308  670  492  577  319  437  474  380  597  641  523  424  428  438  455  651  435  709
 29:    43 |  716  323  308  669  493  576  320  437  478  380  597  642  526  425  428  433  454  651  435  709
 30:    42 |  712  324  309  670  496  575  320  434  482  380  597  641  528  425  427  432  454  651  434  709
 31:    18 |  713  324  310  670  496  575  320  433  482  379  598  640  529  426  427  432  454  652  432  708
 32:    18 |  713  325  310  669  496  575  320  429  482  379  598  640  530  426  427  432  455  653  431  710
 33:    19 |  714  325  310  668  496  575  320  427  484  379  598  640  527  427  427  431  454  653  434  711
 34:    16 |  715  325  310  666  496  575  320  426  481  379  598  640  531  428  427  430  452  654  436  711
 35:    18 |  716  325  310  666  496  572  320  426  480  379  598  640  536  430  427  430  450  653  436  710
 36:    12 |  716  325  310  665  496  572  320  427  480  379  598  640  541  430  428  430  447  652  435  709
 37:    16 |  714  326  310  666  496  571  320  427  483  379  598  640  546  430  428  430  448  652  428  708
 38:    16 |  711  326  310  666  498  570  320  427  484  379  599  640  551  431  428  430  445  652  425  708
 39:    19 |  711  326  310  666  500  569  319  426  485  379  599  640  558  431  428  430  442  653  421  707
 40:    11 |  710  326  310  666  499  568  319  426  487  379  599  640  559  431  429  429  440  655  421  707
 41:    10 |  710  327  310  666  499  567  318  426  487  379  599  640  564  431  430  429  436  655  420  707
 42:    14 |  709  329  310  666  499  566  316  426  487  379  599  640  568  431  431  429  435  655  418  707
 43:     9 |  709  329  310  666  499  565  314  426  488  379  599  640  569  431  433  429  433  655  419  707
 44:    15 |  709  329  310  666  499  565  313  426  488  379  599  640  576  431  434  428  426  654  421  707
 45:    18 |  708  329  309  665  499  562  312  426  488  381  599  640  578  431  434  427  427  655  422  708
 46:    16 |  708  330  309  665  499  560  312  427  488  382  599  640  577  431  434  426  428  655  422  708
 47:    17 |  708  332  309  665  499  557  312  428  489  383  599  640  580  431  434  424  426  655  421  708
 48:    22 |  705  332  309  665  499  555  312  428  490  383  600  640  585  432  434  424  423  655  421  708
 49:    28 |  706  333  309  665  499  552  312  428  490  386  603  639  583  432  434  423  417  657  424  708
 50:    20 |  704  333  310  665  499  550  312  428  490  386  605  639  584  432  434  423  415  657  426  708
 51:    30 |  704  333  310  665  498  547  312  428  493  388  605  639  588  432  434  423  407  657  429  708
 52:    40 |  702  333  311  666  497  545  312  428  495  389  606  640  588  431  434  424  404  659  430  706
 53:    30 |  702  333  311  666  497  541  313  427  500  391  606  639  588  431  434  424  396  660  434  707
 54:    33 |  699  333  311  667  495  536  314  426  502  391  606  639  589  431  434  424  398  660  440  705
 55:    41 |  697  333  312  667  496  533  315  423  507  390  607  639  595  430  434  424  397  658  441  702
 56:    49 |  695  334  312  668  498  528  317  422  511  391  608  640  593  429  433  424  394  658  444  701
 57:    42 |  696  335  312  666  499  523  317  419  516  391  609  640  603  429  433  424  381  659  448  700
 58:    39 |  699  335  312  667  500  514  316  419  521  391  611  640  600  429  432  425  382  659  451  697
 59:    38 |  699  337  312  666  501  508  316  419  521  391  611  641  606  428  432  425  379  661  448  699
 60:    45 |  699  339  312  667  500  503  317  417  524  391  610  641  608  428  432  427  376  663  447  699
 61:    41 |  700  340  311  667  500  502  317  415  525  391  611  643  610  427  432  430  379  662  440  698
 62:    35 |  697  342  311  666  500  500  317  412  528  391  612  644  609  426  432  431  385  661  439  697
 63:    35 |  691  343  310  666  500  497  320  410  528  392  615  643  610  425  432  433  394  659  436  696
 64:    35 |  685  343  310  666  500  498  319  409  529  392  617  641  611  425  432  433  404  656  435  695
 65:    32 |  679  344  311  669  500  495  317  408  527  392  616  641  613  424  431  433  414  656  434  696
 66:    38 |  679  346  311  670  500  491  315  407  528  392  615  642  616  423  430  432  420  656  433  694
 67:    44 |  673  347  311  670  502  490  309  406  533  392  616  643  615  422  431  432  425  655  435  693
 68:    34 |  673  347  309  669  504  488  307  406  535  392  617  643  617  422  431  432  428  654  434  692
 69:    26 |  675  348  309  669  502  491  307  407  538  392  617  642  615  422  431  432  426  654  434  689
 70:    19 |  673  348  310  670  504  489  304  407  543  392  617  642  613  422  431  432  426  655  435  687
 71:    15 |  671  348  310  671  504  489  303  407  549  391  617  641  611  422  429  432  429  655  434  687
 72:    16 |  668  348  310  672  504  489  303  408  551  391  619  641  612  422  428  432  426  655  435  686
 73:    24 |  667  348  310  673  503  488  303  408  556  391  619  642  610  422  426  433  428  655  433  685
 74:    20 |  663  348  310  673  503  485  303  409  562  391  621  642  602  422  426  433  433  655  433  686
 75:    12 |  663  348  310  674  503  483  303  409  563  391  621  642  599  423  425  433  438  655  433  684
 76:    15 |  664  348  310  674  502  480  303  409  564  391  621  642  595  423  423  433  446  655  432  685
 77:    11 |  664  348  311  674  502  479  303  409  565  391  622  642  592  423  422  433  448  655  432  685
 78:     4 |  666  348  311  673  502  480  303  409  564  391  622  642  591  423  422  433  447  656  432  685
 79:     3 |  666  348  311  673  502  480  303  409  563  391  622  642  591  423  421  433  448  657  432  685
 80:     2 |  664  348  311  673  503  480  303  409  563  391  622  642  591  423  421  433  448  658  432  685
 81:     2 |  666  348  311  672  503  480  303  409  563  391  622  642  591  423  420  433  448  658  432  685
 82:     5 |  668  348  311  672  504  480  303  409  563  391  622  642  591  423  418  433  448  658  432  684
 83:     6 |  668  349  311  671  505  480  303  409  564  391  622  642  591  423  417  433  448  658  432  683
 84:    13 |  664  349  311  671  507  480  303  409  567  391  625  642  589  423  416  433  450  658  431  681
 85:    12 |  661  351  311  671  507  480  303  409  568  391  627  643  588  423  416  433  450  658  431  679
 86:    19 |  661  352  311  669  508  480  302  410  568  391  630  644  589  423  414  433  450  659  431  675
 87:    27 |  657  351  313  666  510  480  302  410  568  391  634  644  590  424  413  433  452  662  431  669
 88:    23 |  660  352  312  663  512  480  302  412  568  391  636  645  591  424  412  433  451  663  431  662
 89:    24 |  661  352  312  661  512  480  303  414  567  391  640  648  590  424  411  433  455  663  430  653
 90:    24 |  663  351  312  658  511  481  303  415  568  391  645  650  591  424  410  433  455  663  428  648
 91:    28 |  655  350  312  654  514  481  303  416  569  391  651  651  591  424  410  433  456  667  428  644
 92:    38 |  660  350  312  646  513  481  305  417  568  391  656  651  592  425  408  433  458  669  429  636
 93:    33 |  656  350  313  641  515  481  305  417  569  391  663  650  592  425  408  433  462  669  429  631
 94:    28 |  653  350  313  638  519  482  305  416  570  391  668  651  593  425  407  433  462  669  429  626
 95:    31 |  642  349  313  635  527  482  303  418  570  391  673  652  592  425  408  433  462  670  429  626
 96:    32 |  645  349  313  626  528  481  304  418  570  391  675  652  593  425  409  433  462  670  430  626
 97:    34 |  650  349  313  618  535  480  305  419  571  391  676  652  593  425  404  433  463  669  431  623
 98:    41 |  645  349  314  610  546  479  304  419  571  391  679  651  593  425  402  433  463  670  431  625
 99:    38 |  651  348  314  601  551  477  304  420  571  391  682  652  594  425  398  433  466  669  431  622
100:    26 |  647  347  314  599  557  476  303  419  571  391  685  653  594  425  398  433  467  669  431  621
101:    20 |  641  347  314  595  565  476  303  419  571  391  686  653  593  425  398  433  469  669  432  620
102:    23 |  634  346  314  597  571  476  303  419  571  391  688  653  592  425  396  433  470  669  433  619
103:    20 |  630  345  314  594  575  476  303  419  571  391  690  652  591  425  397  433  473  669  433  619
104:    23 |  623  346  314  591  582  476  304  419  571  391  692  651  590  425  396  433  474  669  433  620
105:    19 |  621  346  314  589  586  476  304  419  571  391  693  649  590  425  395  433  476  669  434  619
106:    14 |  619  346  315  588  589  476  304  419  571  391  694  649  591  425  393  434  475  669  433  619
107:    15 |  617  346  316  586  590  476  304  419  571  393  696  648  590  425  393  432  476  670  434  618
108:    12 |  615  346  316  586  590  476  305  419  571  394  698  648  589  425  395  430  477  670  435  615
109:    12 |  614  346  316  586  592  476  305  419  571  394  699  648  587  425  397  430  478  669  436  612
110:     7 |  613  346  316  585  594  476  305  419  571  394  700  648  585  425  397  430  479  669  436  612
111:     2 |  613  346  316  585  594  476  305  419  571  394  700  648  585  425  398  430  479  669  435  612
112:     0 |  613  346  316  585  594  476  305  419  571  394  700  648  585  425  398  430  479  669  435  612
CONVERGED: after 113 iterations

==CONFUSION MATRIX + COUNTS==
LABEL \ CLUST
       0    1    2    3    4    5    6    7    8    9   10   11   12   13   14   15   16   17   18   19  TOT
 0:    0   36    9    3    0    1    1   16    6  380    0    0   12   12    2  405    6    2   77    0  968
 1:    0    0    0    0    2    4    0    5    0    0  521  557    0    0    0    0    3    1    0    0 1093
 2:    6   12   28    1   18   13    1   16   20    0   55   34   16    2    8    9   91  646    0    5  981
 3:   15    4    1    2   17   30    0   17  486    1   32    1  308    0    2    1   64   10   11    0 1002
 4:   87   11    9   13  232    2  172   36    0    0   11   13    0    2    0    0    0    2    1  443 1034
 5:   10    9    1    0   23    1    8  282   23    4    5    0  168   12    1    6   13    2  315    9  892
 6:    0  271  267    0    0    0    3    3    0    4   21    3    2  396    0    2    0    0   11    0  983
 7:  217    0    1  400   40    1   17    9    0    0   19   24    0    0  372    0    1    3    0    9 1113
 8:   13    2    0    7    4  423   10   22   31    4   29   11   74    0    0    4  295    3   16    8  956
 9:  265    1    0  159  258    1   93   13    5    1    7    5    5    1   13    3    6    0    4  138  978
TOT  613  346  316  585  594  476  305  419  571  394  700  648  585  425  398  430  479  669  435  612 10000

Saving cluster labels to file outdirs/outdir_digits_all_1e4.txt_36/labels.txt
Saving cluster centers to outdirs/outdir_digits_all_1e4.txt_36/cent_0000.pgm ...
runtime: procs 36 data digits_all_1e4.txt realtime 1.44


>> ./kmeans_omp sample-mnist-data/digits_all_3e4.txt 20 outdirs/outdir_digits_all_3e4.txt_36 500
threads: 36
datafile: sample-mnist-data/digits_all_3e4.txt
nclust: 20
savedir: outdirs/outdir_digits_all_3e4.txt_36
ndata: 30000
dim: 784

==CLUSTERING: MAXITER 500==
ITER NCHANGE CLUST_COUNTS
  1: 27318 |  529  328 1732 1400  490  598 2988 1689 1043 3017 2786 1435 1292  609 1865 1043 1483 2434 1670 1569
  2: 11588 | 1179  892 1932 1620 1151  966 2709 1626  395 2328 1432 1233 2004  934 1478 1152 1797 1985 1849 1338
  3:  5761 | 1290 1303 1678 1704 1281 1119 2389 1425  944 2168 1318 1393 1609 1195 1357 1132 1939 1675 1759 1322
  4:  3587 | 1293 1542 1622 1798 1252 1196 2111 1503 1149 2113 1186 1350 1486 1368 1468 1172 2016 1461 1640 1274
  5:  2465 | 1242 1714 1616 1868 1191 1214 1933 1635 1220 2097 1066 1305 1433 1404 1620 1169 2039 1421 1559 1254
  6:  1797 | 1170 1820 1616 1884 1156 1214 1794 1695 1319 2076 1005 1270 1412 1422 1768 1168 2038 1426 1457 1290
  7:  1465 | 1078 1884 1601 1885 1194 1194 1697 1734 1415 2078  965 1243 1388 1424 1922 1165 2012 1430 1388 1303
  8:  1256 | 1035 1903 1570 1888 1206 1159 1628 1771 1497 2073  945 1214 1355 1416 2074 1173 2003 1438 1343 1309
  9:  1115 | 1009 1914 1535 1886 1205 1142 1584 1783 1565 2047  932 1193 1334 1403 2205 1174 2014 1435 1325 1315
 10:  1068 |  990 1944 1498 1867 1169 1174 1547 1797 1635 1996  927 1173 1331 1399 2291 1184 2013 1428 1318 1319
 11:  1055 |  972 1962 1466 1856 1139 1203 1553 1774 1722 1923  931 1146 1344 1388 2362 1191 2013 1411 1315 1329
 12:  1112 | 1000 1974 1437 1856 1108 1257 1561 1711 1780 1803  940 1130 1362 1366 2421 1219 2019 1394 1320 1342
 13:  1015 | 1029 1982 1420 1860 1103 1255 1606 1617 1837 1684  991 1117 1375 1338 2452 1252 2022 1357 1324 1379
 14:   961 | 1058 1987 1407 1862 1127 1240 1645 1497 1868 1570 1081 1100 1392 1319 2483 1284 2026 1328 1324 1402
 15:   865 | 1075 1975 1397 1872 1158 1242 1676 1382 1869 1473 1144 1087 1412 1290 2538 1308 2040 1301 1334 1427
 16:   678 | 1107 1967 1389 1866 1196 1241 1683 1291 1867 1378 1202 1081 1428 1263 2595 1332 2046 1284 1345 1439
 17:   541 | 1125 1958 1383 1875 1230 1239 1684 1226 1881 1299 1242 1076 1438 1252 2634 1344 2040 1281 1350 1443
 18:   483 | 1150 1954 1375 1897 1254 1238 1669 1173 1891 1221 1291 1069 1444 1245 2657 1356 2032 1283 1358 1443
 19:   390 | 1180 1940 1381 1904 1267 1234 1649 1131 1904 1164 1339 1070 1447 1233 2671 1360 2028 1292 1364 1442
 20:   309 | 1197 1928 1381 1917 1272 1236 1636 1122 1896 1116 1390 1073 1449 1227 2682 1357 2020 1290 1367 1444
 21:   270 | 1206 1922 1381 1933 1278 1239 1619 1124 1899 1085 1423 1072 1449 1221 2687 1348 2007 1290 1367 1450
 22:   243 | 1211 1919 1381 1941 1278 1247 1605 1113 1902 1055 1470 1074 1445 1216 2687 1337 1998 1294 1369 1458
 23:   213 | 1210 1921 1381 1945 1278 1247 1591 1107 1911 1031 1506 1077 1442 1218 2677 1330 1986 1299 1372 1471
 24:   201 | 1207 1921 1378 1951 1281 1253 1584 1090 1910 1010 1529 1080 1443 1219 2679 1321 1974 1304 1374 1492
 25:   200 | 1199 1921 1374 1955 1282 1257 1576 1071 1914  994 1551 1082 1441 1218 2681 1323 1970 1309 1375 1507
 26:   199 | 1191 1917 1371 1957 1284 1270 1570 1057 1908  978 1578 1080 1439 1216 2669 1325 1967 1316 1376 1531
 27:   200 | 1185 1914 1368 1957 1284 1277 1569 1033 1911  964 1591 1080 1436 1216 2661 1329 1966 1322 1375 1562
 28:   224 | 1175 1910 1361 1957 1282 1291 1566 1024 1914  953 1593 1080 1432 1213 2644 1333 1963 1326 1378 1605
 29:   248 | 1161 1901 1357 1958 1283 1321 1564  988 1911  958 1607 1083 1431 1214 2622 1332 1962 1328 1377 1642
 30:   287 | 1149 1889 1353 1957 1284 1355 1564  957 1912  961 1606 1088 1430 1214 2582 1336 1961 1339 1377 1686
 31:   335 | 1135 1871 1350 1960 1285 1388 1568  934 1914  953 1599 1091 1433 1214 2543 1341 1956 1348 1376 1741
 32:   387 | 1116 1841 1341 1957 1285 1432 1579  919 1910  945 1616 1098 1440 1215 2512 1341 1946 1348 1377 1782
 33:   401 | 1090 1820 1338 1956 1285 1494 1583  927 1913  932 1624 1106 1441 1218 2482 1350 1939 1348 1380 1774
 34:   401 | 1075 1792 1326 1955 1286 1546 1592  936 1911  921 1634 1110 1443 1216 2464 1357 1934 1345 1385 1772
 35:   439 | 1060 1755 1314 1958 1288 1600 1599  948 1924  915 1643 1120 1448 1216 2439 1360 1933 1340 1387 1753
 36:   433 | 1045 1733 1298 1961 1293 1620 1602  962 1958  914 1646 1132 1453 1215 2402 1371 1936 1338 1391 1730
 37:   374 | 1030 1713 1291 1966 1298 1635 1608  961 1985  920 1650 1136 1455 1220 2363 1380 1942 1342 1398 1707
 38:   318 | 1017 1689 1286 1975 1301 1662 1617  962 2006  921 1656 1137 1452 1220 2334 1388 1950 1342 1410 1675
 39:   292 | 1010 1665 1279 1974 1303 1685 1626  963 2022  917 1652 1144 1450 1220 2314 1399 1963 1346 1425 1643
 40:   206 | 1005 1650 1277 1969 1306 1683 1631  962 2038  919 1653 1151 1449 1218 2299 1409 1973 1345 1435 1628
 41:   206 | 1000 1641 1273 1961 1310 1700 1633  963 2053  915 1652 1155 1449 1221 2281 1424 1985 1345 1442 1597
 42:   204 |  997 1631 1272 1954 1311 1711 1633  962 2070  914 1648 1151 1448 1219 2282 1434 1987 1349 1445 1582
 43:   175 |  994 1634 1271 1947 1311 1716 1633  959 2079  917 1645 1146 1450 1220 2269 1444 1988 1351 1454 1572
 44:   166 |  989 1631 1269 1944 1315 1718 1628  963 2086  918 1643 1144 1450 1220 2259 1463 1992 1352 1457 1559
 45:   133 |  987 1628 1267 1940 1317 1709 1628  965 2101  917 1642 1141 1451 1220 2255 1473 1995 1353 1459 1552
 46:   109 |  991 1617 1262 1937 1317 1697 1621  966 2120  912 1643 1141 1451 1221 2262 1480 1996 1354 1462 1550
 47:    94 |  991 1612 1259 1935 1317 1677 1613  965 2134  913 1642 1141 1452 1222 2256 1496 2004 1353 1467 1551
 48:    90 |  990 1609 1259 1934 1320 1663 1612  965 2138  913 1642 1140 1451 1223 2254 1510 2006 1354 1470 1547
 49:    72 |  990 1602 1258 1936 1320 1655 1613  967 2136  913 1643 1138 1452 1224 2251 1518 2008 1353 1474 1549
 50:    72 |  989 1600 1258 1939 1318 1643 1612  969 2139  913 1642 1136 1455 1224 2249 1529 2008 1353 1477 1547
 51:    53 |  989 1599 1257 1938 1319 1634 1611  969 2141  913 1644 1134 1455 1224 2249 1542 2003 1353 1479 1547
 52:    52 |  989 1596 1257 1938 1318 1628 1611  970 2140  913 1644 1131 1456 1224 2247 1552 2003 1354 1484 1545
 53:    41 |  989 1598 1257 1936 1319 1626 1606  970 2141  913 1642 1131 1456 1223 2242 1559 2003 1354 1490 1545
 54:    39 |  989 1596 1258 1936 1322 1623 1602  970 2133  913 1641 1130 1456 1221 2242 1572 2003 1354 1495 1544
 55:    28 |  989 1596 1258 1937 1325 1619 1601  970 2134  913 1641 1129 1455 1221 2239 1575 2002 1354 1497 1545
 56:    23 |  989 1597 1258 1937 1323 1618 1598  971 2137  913 1642 1128 1454 1221 2239 1576 2002 1354 1499 1544
 57:    14 |  989 1597 1258 1937 1322 1620 1596  970 2134  914 1642 1128 1455 1222 2239 1578 2003 1354 1500 1542
 58:    11 |  990 1597 1258 1937 1322 1617 1596  970 2133  913 1642 1128 1455 1222 2239 1579 2003 1354 1502 1543
 59:    13 |  989 1597 1258 1937 1322 1615 1594  970 2131  913 1642 1128 1454 1222 2240 1583 2004 1354 1503 1544
 60:    21 |  989 1597 1258 1937 1322 1612 1592  970 2128  913 1643 1128 1455 1222 2241 1587 2004 1354 1503 1545
 61:    19 |  989 1597 1258 1938 1324 1606 1593  970 2131  913 1642 1128 1456 1222 2239 1589 2003 1354 1503 1545
 62:    18 |  989 1599 1258 1938 1325 1602 1593  971 2128  913 1642 1128 1457 1222 2239 1593 2002 1354 1505 1542
 63:    15 |  989 1599 1258 1938 1324 1601 1593  971 2126  913 1644 1128 1457 1222 2240 1596 2002 1354 1505 1540
 64:    14 |  989 1599 1258 1938 1324 1603 1593  971 2125  913 1644 1127 1456 1220 2240 1601 2001 1354 1505 1539
 65:    12 |  989 1599 1258 1938 1324 1605 1592  971 2125  913 1644 1127 1455 1219 2240 1603 2001 1354 1505 1538
 66:     7 |  989 1599 1258 1938 1324 1608 1592  971 2121  913 1644 1126 1454 1219 2240 1606 2001 1354 1506 1537
 67:    11 |  989 1599 1257 1938 1325 1607 1592  971 2116  913 1644 1126 1454 1219 2241 1610 2001 1354 1507 1537
 68:    13 |  989 1598 1257 1938 1325 1606 1593  971 2117  913 1644 1126 1454 1218 2242 1611 1998 1354 1508 1538
 69:    12 |  989 1598 1257 1938 1324 1604 1594  972 2113  913 1644 1126 1454 1218 2242 1612 1998 1355 1508 1541
 70:    15 |  988 1598 1257 1940 1324 1602 1594  973 2108  913 1644 1126 1455 1218 2242 1616 1997 1355 1510 1540
 71:    14 |  989 1599 1257 1940 1324 1601 1593  972 2106  914 1644 1125 1455 1218 2242 1618 1997 1355 1512 1539
 72:    18 |  989 1598 1257 1941 1324 1597 1595  972 2105  915 1646 1124 1455 1219 2242 1617 1995 1355 1514 1540
 73:    21 |  988 1598 1256 1941 1324 1597 1593  971 2101  916 1647 1124 1455 1219 2242 1624 1995 1355 1515 1539
 74:    26 |  987 1597 1256 1940 1324 1596 1593  974 2093  916 1648 1125 1456 1219 2242 1627 1996 1355 1517 1539
 75:    14 |  986 1597 1256 1940 1324 1595 1592  976 2086  916 1649 1125 1457 1219 2242 1630 1996 1355 1519 1540
 76:    12 |  985 1597 1256 1940 1324 1594 1593  976 2080  916 1651 1125 1457 1219 2242 1634 1996 1355 1520 1540
 77:    18 |  984 1597 1256 1939 1324 1589 1593  976 2083  916 1651 1125 1456 1219 2242 1638 1996 1354 1521 1541
 78:    13 |  983 1598 1256 1939 1324 1589 1594  976 2080  916 1651 1125 1455 1220 2242 1637 1996 1355 1522 1542
 79:     6 |  983 1598 1256 1939 1323 1587 1597  976 2078  916 1651 1125 1455 1221 2242 1637 1996 1355 1522 1543
 80:     6 |  983 1599 1256 1939 1324 1587 1598  976 2076  916 1651 1124 1455 1221 2242 1638 1996 1355 1522 1542
 81:     8 |  983 1600 1255 1939 1324 1586 1599  976 2076  916 1650 1124 1455 1221 2242 1640 1996 1355 1522 1541
 82:    12 |  983 1600 1255 1939 1324 1585 1601  976 2073  916 1649 1124 1453 1221 2243 1645 1996 1355 1522 1540
 83:     9 |  983 1600 1255 1939 1324 1585 1602  976 2071  916 1649 1124 1452 1220 2242 1649 1996 1355 1522 1540
 84:     6 |  983 1600 1255 1939 1324 1586 1604  976 2068  916 1649 1124 1452 1219 2241 1651 1996 1355 1522 1540
 85:     5 |  983 1600 1255 1939 1323 1586 1605  976 2067  915 1649 1124 1452 1220 2241 1652 1996 1355 1522 1540
 86:     5 |  983 1600 1255 1939 1322 1588 1605  977 2066  915 1649 1124 1452 1220 2241 1652 1996 1355 1522 1539
 87:     3 |  983 1600 1255 1939 1320 1588 1606  977 2065  915 1649 1124 1452 1221 2241 1652 1997 1355 1522 1539
 88:     2 |  983 1600 1255 1939 1320 1588 1606  977 2066  915 1649 1124 1452 1222 2240 1652 1997 1355 1522 1538
 89:     4 |  983 1601 1255 1939 1320 1588 1607  977 2066  915 1649 1124 1453 1222 2239 1652 1997 1355 1522 1536
 90:     3 |  983 1602 1255 1939 1320 1587 1607  977 2067  915 1649 1124 1453 1222 2239 1651 1997 1355 1522 1536
 91:     1 |  983 1602 1255 1939 1320 1586 1607  977 2068  915 1649 1124 1453 1222 2239 1651 1997 1355 1522 1536
 92:     1 |  983 1602 1255 1939 1320 1585 1607  977 2069  915 1649 1124 1453 1222 2239 1651 1997 1355 1522 1536
 93:     2 |  983 1602 1255 1939 1320 1586 1608  977 2068  915 1649 1123 1453 1222 2239 1651 1997 1355 1522 1536
 94:     1 |  983 1602 1255 1939 1320 1586 1609  977 2067  915 1649 1123 1453 1222 2239 1651 1997 1355 1522 1536
 95:     0 |  983 1602 1255 1939 1320 1586 1609  977 2067  915 1649 1123 1453 1222 2239 1651 1997 1355 1522 1536
CONVERGED: after 96 iterations

==CONFUSION MATRIX + COUNTS==
LABEL \ CLUST
       0    1    2    3    4    5    6    7    8    9   10   11   12   13   14   15   16   17   18   19  TOT
 0:  933    1    2    0    4    6   16  858   30  872   51    1    0   17    4    4    7   27    0  128 2961
 1:    0    0    1    2   14    4    0    0   15    0    3  893 1235    0    7    2    0    2 1242    3 3423
 2:    3    1   15   26 1240   65   13   24   20    9   40   65   46 1100   61   32   45   18   53   72 2948
 3:    5    2    6   11   30   93  778    8  616    2    6   12   21   54   63 1217   17    6   64   62 3073
 4:    1  967    1  187    0    1    0    0    5    1   36   43   22   16  590    0  903   29   13  111 2926
 5:    7   31    1   10    1   80  517   36  592    6   40    3    3    2   70  321   51   16   21  901 2709
 6:   15    2    0    0   15    1    9   34   15   20 1455    7   22    5    9    2   24 1241   21   78 2975
 7:    2   36 1191 1097    8    3    0    0    1    1    0   52   50    9  410    0  188    2   33   24 3107
 8:    9   40    1   26    8 1328  259   12  726    3   15   38   37    9   65   62   29   10   59  139 2875
 9:    8  522   37  580    0    5   17    5   47    1    3    9   17   10  960   11  733    4   16   18 3003
TOT  983 1602 1255 1939 1320 1586 1609  977 2067  915 1649 1123 1453 1222 2239 1651 1997 1355 1522 1536 30000

Saving cluster labels to file outdirs/outdir_digits_all_3e4.txt_36/labels.txt
Saving cluster centers to outdirs/outdir_digits_all_3e4.txt_36/cent_0000.pgm ...
runtime: procs 36 data digits_all_3e4.txt realtime 3.63


>> ./kmeans_omp sample-mnist-data/digits_all_5e3.txt 20 outdirs/outdir_digits_all_5e3.txt_64 500
threads: 64
datafile: sample-mnist-data/digits_all_5e3.txt
nclust: 20
savedir: outdirs/outdir_digits_all_5e3.txt_64
ndata: 5000
dim: 784

==CLUSTERING: MAXITER 500==
ITER NCHANGE CLUST_COUNTS
  1:  4484 |  335  107  277  308  369  141   60  122  468   30   98  343   95  240  550  523  159  195  226  354
  2:  1886 |  297  179  287  210  391  260  125  233  303  154  231  254  186  211  340  282  106  133  340  478
  3:   976 |  252  201  234  221  368  261  200  300  284  182  229  231  167  248  293  195  149  126  351  508
  4:   632 |  221  206  213  273  333  258  249  307  288  179  235  238  167  275  253  159  162  151  332  501
  5:   362 |  217  206  209  308  301  262  291  308  279  178  235  227  172  290  221  140  172  155  339  490
  6:   212 |  215  207  207  333  282  257  319  309  274  172  232  228  174  300  196  144  174  152  346  479
  7:   130 |  211  213  204  344  271  253  338  310  277  170  227  230  181  306  180  140  179  149  349  468
  8:    91 |  211  214  203  352  262  246  348  315  281  167  225  232  188  306  171  138  183  152  348  458
  9:    67 |  212  215  203  358  256  240  356  319  281  165  222  233  194  304  168  139  186  153  347  449
 10:    52 |  215  215  202  362  252  234  362  323  283  166  219  235  200  304  165  137  189  153  345  439
 11:    45 |  215  217  199  369  245  231  368  323  283  167  219  237  202  304  165  138  192  153  345  428
 12:    41 |  216  217  198  373  241  228  369  323  283  165  219  238  204  305  165  138  191  158  346  423
 13:    36 |  216  219  195  379  237  228  374  322  283  164  219  238  205  306  165  137  191  160  347  415
 14:    34 |  216  219  193  385  234  228  376  322  283  162  218  237  206  307  165  140  190  161  346  412
 15:    28 |  216  219  191  390  233  227  377  322  284  164  218  237  208  305  165  145  189  156  345  409
 16:    30 |  216  220  192  393  229  226  381  322  284  165  217  237  209  305  165  152  189  149  343  406
 17:    18 |  216  222  191  392  229  224  380  322  284  164  217  237  211  303  166  159  189  145  343  406
 18:    11 |  217  222  191  392  229  223  380  321  284  163  217  237  213  304  165  165  189  139  343  406
 19:     9 |  218  222  191  392  229  223  380  321  284  162  217  237  214  303  164  168  189  137  343  406
 20:     6 |  217  222  191  392  229  222  380  321  284  163  217  238  216  303  164  168  189  135  343  406
 21:     8 |  216  222  191  392  229  221  380  321  284  163  217  238  218  302  164  168  189  135  344  406
 22:     5 |  214  222  191  392  229  221  380  321  284  163  217  240  218  302  164  168  189  136  343  406
 23:     8 |  212  221  191  392  229  221  380  321  284  163  217  242  218  302  163  166  189  138  344  407
 24:    10 |  210  221  191  392  229  221  380  321  284  163  217  244  218  300  162  167  189  139  344  408
 25:     4 |  212  221  191  392  229  221  380  321  284  163  218  244  218  299  160  167  189  140  344  407
 26:     3 |  213  222  191  392  229  222  380  321  284  163  218  244  218  297  159  167  189  140  344  407
 27:     4 |  212  223  191  392  229  220  379  321  284  163  218  245  220  297  159  167  189  140  344  407
 28:     6 |  212  222  191  393  229  221  378  321  284  163  218  246  221  297  158  166  189  140  344  407
 29:     4 |  211  223  191  392  229  222  378  320  284  163  218  246  222  297  158  166  189  140  344  407
 30:     5 |  210  225  192  391  229  222  378  319  284  163  218  247  222  297  158  166  189  140  344  406
 31:     3 |  210  226  193  391  229  221  378  318  284  163  218  247  223  297  158  165  189  140  344  406
 32:     1 |  210  226  193  391  229  221  378  318  285  163  218  247  222  297  158  165  189  140  344  406
 33:     0 |  210  226  193  391  229  221  378  318  285  163  218  247  222  297  158  165  189  140  344  406
CONVERGED: after 34 iterations

==CONFUSION MATRIX + COUNTS==
LABEL \ CLUST
       0    1    2    3    4    5    6    7    8    9   10   11   12   13   14   15   16   17   18   19  TOT
 0:    0   12    7    1    1    3    1    0    0  159    0    0    0   15    0  142    6  133    7    2  489
 1:  179    2    0    0    0    0    0    1    0    0    0  217    1    1  128    0    1    0    0    0  530
 2:    0    2    3    2    0  209   23    8    3    0    4    2  209    1    8    3    7    1    5    3  493
 3:    2   15    0    0    0    3   25   13  164    0    0    0    5    1    5    0   35    1  239    1  509
 4:    4   13    2  260  125    1   67    2    0    0    0   11    0    2    3    0    0    0    0    9  499
 5:    0  161    0    3    2    1   49   13   99    0    0    2    2    8    2   11   32    1   72    0  458
 6:    5    8  181    1    1    0    2    1    2    2    0    0    3  269    1    3    1    2    0    0  482
 7:    9    2    0    5    4    2   41    0    0    0  206    8    0    0    4    0    0    0    0  282  563
 8:    7    7    0    0    1    2   34  279   15    1    0    4    2    0    7    5  103    1   17    9  494
 9:    4    4    0  119   95    0  136    1    2    1    8    3    0    0    0    1    4    1    4  100  483
TOT  210  226  193  391  229  221  378  318  285  163  218  247  222  297  158  165  189  140  344  406 5000

Saving cluster labels to file outdirs/outdir_digits_all_5e3.txt_64/labels.txt
Saving cluster centers to outdirs/outdir_digits_all_5e3.txt_64/cent_0000.pgm ...
runtime: procs 64 data digits_all_5e3.txt realtime 0.52


>> ./kmeans_omp sample-mnist-data/digits_all_1e4.txt 20 outdirs/outdir_digits_all_1e4.txt_64 500
threads: 64
datafile: sample-mnist-data/digits_all_1e4.txt
nclust: 20
savedir: outdirs/outdir_digits_all_1e4.txt_64
ndata: 10000
dim: 784

==CLUSTERING: MAXITER 500==
ITER NCHANGE CLUST_COUNTS
  1:  8990 |  404   80  508  512  771  536  217  429  509  552  583  974  233  582  830  627  478  495  430  250
  2:  3223 |  403  278  407  592  685  592  271  348  487  595  630  861  309  457  675  514  371  560  427  538
  3:  1402 |  527  297  352  538  584  568  323  514  481  624  599  762  335  422  606  500  372  591  377  628
  4:   763 |  604  294  338  508  549  568  319  598  471  628  590  697  363  415  573  481  376  599  379  650
  5:   576 |  632  293  324  506  525  572  324  618  461  614  594  660  372  415  544  492  387  604  388  675
  6:   476 |  656  299  307  521  502  579  341  607  471  595  588  649  374  428  514  482  395  601  404  687
  7:   400 |  689  303  305  550  484  586  344  580  477  576  591  642  373  423  489  467  407  600  425  689
  8:   345 |  707  310  301  582  472  596  341  571  464  548  596  636  380  421  469  455  424  602  439  686
  9:   262 |  717  308  302  610  460  599  338  572  464  515  596  633  389  421  449  457  435  607  442  686
 10:   199 |  719  312  305  629  448  600  334  566  464  488  597  633  393  427  442  452  445  612  448  686
 11:   163 |  721  316  311  642  445  593  331  557  475  470  598  633  398  428  439  451  449  614  445  684
 12:   138 |  722  321  314  646  444  590  328  554  475  453  599  638  405  426  436  448  458  616  442  685
 13:   103 |  721  323  315  654  443  590  328  539  472  439  601  640  406  427  434  447  466  617  450  688
 14:   108 |  721  325  313  661  445  593  325  530  467  422  602  642  415  430  434  450  475  621  440  689
 15:   111 |  720  326  312  665  454  596  320  512  455  412  603  642  424  431  434  451  480  625  441  697
 16:   117 |  729  326  309  673  460  599  316  490  444  402  600  642  436  432  432  450  479  627  451  703
 17:   105 |  726  324  308  671  464  599  315  478  434  398  598  643  443  433  433  449  483  626  464  711
 18:   107 |  726  325  308  674  474  598  313  465  424  390  596  643  452  429  433  451  486  630  474  709
 19:    91 |  726  324  307  680  480  594  314  455  424  385  593  642  457  428  433  450  486  634  480  708
 20:    70 |  727  324  307  679  481  592  316  453  427  382  595  641  464  426  433  452  486  636  471  708
 21:    68 |  727  324  307  677  480  589  317  451  430  381  595  642  476  426  433  450  479  638  470  708
 22:    62 |  727  323  307  677  482  586  318  448  435  381  594  644  486  427  433  447  474  639  466  706
 23:    72 |  728  324  307  676  484  583  318  447  438  381  593  645  500  424  431  446  469  642  459  705
 24:    69 |  731  323  306  674  486  582  319  445  445  380  591  643  511  423  430  445  461  646  454  705
 25:    73 |  729  321  306  670  490  581  319  443  456  381  591  642  516  423  430  445  453  649  450  705
 26:    64 |  723  320  306  671  493  579  319  442  458  380  592  642  517  423  427  444  456  651  449  708
 27:    63 |  721  319  308  670  493  578  318  440  466  380  594  642  520  423  428  441  455  653  443  708
 28:    56 |  721  321  308  670  492  577  319  437  474  380  597  641  523  424  428  438  455  651  435  709
 29:    43 |  716  323  308  669  493  576  320  437  478  380  597  642  526  425  428  433  454  651  435  709
 30:    42 |  712  324  309  670  496  575  320  434  482  380  597  641  528  425  427  432  454  651  434  709
 31:    18 |  713  324  310  670  496  575  320  433  482  379  598  640  529  426  427  432  454  652  432  708
 32:    18 |  713  325  310  669  496  575  320  429  482  379  598  640  530  426  427  432  455  653  431  710
 33:    19 |  714  325  310  668  496  575  320  427  484  379  598  640  527  427  427  431  454  653  434  711
 34:    16 |  715  325  310  666  496  575  320  426  481  379  598  640  531  428  427  430  452  654  436  711
 35:    18 |  716  325  310  666  496  572  320  426  480  379  598  640  536  430  427  430  450  653  436  710
 36:    12 |  716  325  310  665  496  572  320  427  480  379  598  640  541  430  428  430  447  652  435  709
 37:    16 |  714  326  310  666  496  571  320  427  483  379  598  640  546  430  428  430  448  652  428  708
 38:    16 |  711  326  310  666  498  570  320  427  484  379  599  640  551  431  428  430  445  652  425  708
 39:    19 |  711  326  310  666  500  569  319  426  485  379  599  640  558  431  428  430  442  653  421  707
 40:    11 |  710  326  310  666  499  568  319  426  487  379  599  640  559  431  429  429  440  655  421  707
 41:    10 |  710  327  310  666  499  567  318  426  487  379  599  640  564  431  430  429  436  655  420  707
 42:    14 |  709  329  310  666  499  566  316  426  487  379  599  640  568  431  431  429  435  655  418  707
 43:     9 |  709  329  310  666  499  565  314  426  488  379  599  640  569  431  433  429  433  655  419  707
 44:    15 |  709  329  310  666  499  565  313  426  488  379  599  640  576  431  434  428  426  654  421  707
 45:    18 |  708  329  309  665  499  562  312  426  488  381  599  640  578  431  434  427  427  655  422  708
 46:    16 |  708  330  309  665  499  560  312  427  488  382  599  640  577  431  434  426  428  655  422  708
 47:    17 |  708  332  309  665  499  557  312  428  489  383  599  640  580  431  434  424  426  655  421  708
 48:    22 |  705  332  309  665  499  555  312  428  490  383  600  640  585  432  434  424  423  655  421  708
 49:    28 |  706  333  309  665  499  552  312  428  490  386  603  639  583  432  434  423  417  657  424  708
 50:    20 |  704  333  310  665  499  550  312  428  490  386  605  639  584  432  434  423  415  657  426  708
 51:    30 |  704  333  310  665  498  547  312  428  493  388  605  639  588  432  434  423  407  657  429  708
 52:    40 |  702  333  311  666  497  545  312  428  495  389  606  640  588  431  434  424  404  659  430  706
 53:    30 |  702  333  311  666  497  541  313  427  500  391  606  639  588  431  434  424  396  660  434  707
 54:    33 |  699  333  311  667  495  536  314  426  502  391  606  639  589  431  434  424  398  660  440  705
 55:    41 |  697  333  312  667  496  533  315  423  507  390  607  639  595  430  434  424  397  658  441  702
 56:    49 |  695  334  312  668  498  528  317  422  511  391  608  640  593  429  433  424  394  658  444  701
 57:    42 |  696  335  312  666  499  523  317  419  516  391  609  640  603  429  433  424  381  659  448  700
 58:    39 |  699  335  312  667  500  514  316  419  521  391  611  640  600  429  432  425  382  659  451  697
 59:    38 |  699  337  312  666  501  508  316  419  521  391  611  641  606  428  432  425  379  661  448  699
 60:    45 |  699  339  312  667  500  503  317  417  524  391  610  641  608  428  432  427  376  663  447  699
 61:    41 |  700  340  311  667  500  502  317  415  525  391  611  643  610  427  432  430  379  662  440  698
 62:    35 |  697  342  311  666  500  500  317  412  528  391  612  644  609  426  432  431  385  661  439  697
 63:    35 |  691  343  310  666  500  497  320  410  528  392  615  643  610  425  432  433  394  659  436  696
 64:    35 |  685  343  310  666  500  498  319  409  529  392  617  641  611  425  432  433  404  656  435  695
 65:    32 |  679  344  311  669  500  495  317  408  527  392  616  641  613  424  431  433  414  656  434  696
 66:    38 |  679  346  311  670  500  491  315  407  528  392  615  642  616  423  430  432  420  656  433  694
 67:    44 |  673  347  311  670  502  490  309  406  533  392  616  643  615  422  431  432  425  655  435  693
 68:    34 |  673  347  309  669  504  488  307  406  535  392  617  643  617  422  431  432  428  654  434  692
 69:    26 |  675  348  309  669  502  491  307  407  538  392  617  642  615  422  431  432  426  654  434  689
 70:    19 |  673  348  310  670  504  489  304  407  543  392  617  642  613  422  431  432  426  655  435  687
 71:    15 |  671  348  310  671  504  489  303  407  549  391  617  641  611  422  429  432  429  655  434  687
 72:    16 |  668  348  310  672  504  489  303  408  551  391  619  641  612  422  428  432  426  655  435  686
 73:    24 |  667  348  310  673  503  488  303  408  556  391  619  642  610  422  426  433  428  655  433  685
 74:    20 |  663  348  310  673  503  485  303  409  562  391  621  642  602  422  426  433  433  655  433  686
 75:    12 |  663  348  310  674  503  483  303  409  563  391  621  642  599  423  425  433  438  655  433  684
 76:    15 |  664  348  310  674  502  480  303  409  564  391  621  642  595  423  423  433  446  655  432  685
 77:    11 |  664  348  311  674  502  479  303  409  565  391  622  642  592  423  422  433  448  655  432  685
 78:     4 |  666  348  311  673  502  480  303  409  564  391  622  642  591  423  422  433  447  656  432  685
 79:     3 |  666  348  311  673  502  480  303  409  563  391  622  642  591  423  421  433  448  657  432  685
 80:     2 |  664  348  311  673  503  480  303  409  563  391  622  642  591  423  421  433  448  658  432  685
 81:     2 |  666  348  311  672  503  480  303  409  563  391  622  642  591  423  420  433  448  658  432  685
 82:     5 |  668  348  311  672  504  480  303  409  563  391  622  642  591  423  418  433  448  658  432  684
 83:     6 |  668  349  311  671  505  480  303  409  564  391  622  642  591  423  417  433  448  658  432  683
 84:    13 |  664  349  311  671  507  480  303  409  567  391  625  642  589  423  416  433  450  658  431  681
 85:    12 |  661  351  311  671  507  480  303  409  568  391  627  643  588  423  416  433  450  658  431  679
 86:    19 |  661  352  311  669  508  480  302  410  568  391  630  644  589  423  414  433  450  659  431  675
 87:    27 |  657  351  313  666  510  480  302  410  568  391  634  644  590  424  413  433  452  662  431  669
 88:    23 |  660  352  312  663  512  480  302  412  568  391  636  645  591  424  412  433  451  663  431  662
 89:    24 |  661  352  312  661  512  480  303  414  567  391  640  648  590  424  411  433  455  663  430  653
 90:    24 |  663  351  312  658  511  481  303  415  568  391  645  650  591  424  410  433  455  663  428  648
 91:    28 |  655  350  312  654  514  481  303  416  569  391  651  651  591  424  410  433  456  667  428  644
 92:    38 |  660  350  312  646  513  481  305  417  568  391  656  651  592  425  408  433  458  669  429  636
 93:    33 |  656  350  313  641  515  481  305  417  569  391  663  650  592  425  408  433  462  669  429  631
 94:    28 |  653  350  313  638  519  482  305  416  570  391  668  651  593  425  407  433  462  669  429  626
 95:    31 |  642  349  313  635  527  482  303  418  570  391  673  652  592  425  408  433  462  670  429  626
 96:    32 |  645  349  313  626  528  481  304  418  570  391  675  652  593  425  409  433  462  670  430  626
 97:    34 |  650  349  313  618  535  480  305  419  571  391  676  652  593  425  404  433  463  669  431  623
 98:    41 |  645  349  314  610  546  479  304  419  571  391  679  651  593  425  402  433  463  670  431  625
 99:    38 |  651  348  314  601  551  477  304  420  571  391  682  652  594  425  398  433  466  669  431  622
100:    26 |  647  347  314  599  557  476  303  419  571  391  685  653  594  425  398  433  467  669  431  621
101:    20 |  641  347  314  595  565  476  303  419  571  391  686  653  593  425  398  433  469  669  432  620
102:    23 |  634  346  314  597  571  476  303  419  571  391  688  653  592  425  396  433  470  669  433  619
103:    20 |  630  345  314  594  575  476  303  419  571  391  690  652  591  425  397  433  473  669  433  619
104:    23 |  623  346  314  591  582  476  304  419  571  391  692  651  590  425  396  433  474  669  433  620
105:    19 |  621  346  314  589  586  476  304  419  571  391  693  649  590  425  395  433  476  669  434  619
106:    14 |  619  346  315  588  589  476  304  419  571  391  694  649  591  425  393  434  475  669  433  619
107:    15 |  617  346  316  586  590  476  304  419  571  393  696  648  590  425  393  432  476  670  434  618
108:    12 |  615  346  316  586  590  476  305  419  571  394  698  648  589  425  395  430  477  670  435  615
109:    12 |  614  346  316  586  592  476  305  419  571  394  699  648  587  425  397  430  478  669  436  612
110:     7 |  613  346  316  585  594  476  305  419  571  394  700  648  585  425  397  430  479  669  436  612
111:     2 |  613  346  316  585  594  476  305  419  571  394  700  648  585  425  398  430  479  669  435  612
112:     0 |  613  346  316  585  594  476  305  419  571  394  700  648  585  425  398  430  479  669  435  612
CONVERGED: after 113 iterations

==CONFUSION MATRIX + COUNTS==
LABEL \ CLUST
       0    1    2    3    4    5    6    7    8    9   10   11   12   13   14   15   16   17   18   19  TOT
 0:    0   36    9    3    0    1    1   16    6  380    0    0   12   12    2  405    6    2   77    0  968
 1:    0    0    0    0    2    4    0    5    0    0  521  557    0    0    0    0    3    1    0    0 1093
 2:    6   12   28    1   18   13    1   16   20    0   55   34   16    2    8    9   91  646    0    5  981
 3:   15    4    1    2   17   30    0   17  486    1   32    1  308    0    2    1   64   10   11    0 1002
 4:   87   11    9   13  232    2  172   36    0    0   11   13    0    2    0    0    0    2    1  443 1034
 5:   10    9    1    0   23    1    8  282   23    4    5    0  168   12    1    6   13    2  315    9  892
 6:    0  271  267    0    0    0    3    3    0    4   21    3    2  396    0    2    0    0   11    0  983
 7:  217    0    1  400   40    1   17    9    0    0   19   24    0    0  372    0    1    3    0    9 1113
 8:   13    2    0    7    4  423   10   22   31    4   29   11   74    0    0    4  295    3   16    8  956
 9:  265    1    0  159  258    1   93   13    5    1    7    5    5    1   13    3    6    0    4  138  978
TOT  613  346  316  585  594  476  305  419  571  394  700  648  585  425  398  430  479  669  435  612 10000

Saving cluster labels to file outdirs/outdir_digits_all_1e4.txt_64/labels.txt
Saving cluster centers to outdirs/outdir_digits_all_1e4.txt_64/cent_0000.pgm ...
runtime: procs 64 data digits_all_1e4.txt realtime 1.40


>> ./kmeans_omp sample-mnist-data/digits_all_3e4.txt 20 outdirs/outdir_digits_all_3e4.txt_64 500
threads: 64
datafile: sample-mnist-data/digits_all_3e4.txt
nclust: 20
savedir: outdirs/outdir_digits_all_3e4.txt_64
ndata: 30000
dim: 784

==CLUSTERING: MAXITER 500==
ITER NCHANGE CLUST_COUNTS
  1: 27318 |  529  328 1732 1400  490  598 2988 1689 1043 3017 2786 1435 1292  609 1865 1043 1483 2434 1670 1569
  2: 11588 | 1179  892 1932 1620 1151  966 2709 1626  395 2328 1432 1233 2004  934 1478 1152 1797 1985 1849 1338
  3:  5761 | 1290 1303 1678 1704 1281 1119 2389 1425  944 2168 1318 1393 1609 1195 1357 1132 1939 1675 1759 1322
  4:  3587 | 1293 1542 1622 1798 1252 1196 2111 1503 1149 2113 1186 1350 1486 1368 1468 1172 2016 1461 1640 1274
  5:  2465 | 1242 1714 1616 1868 1191 1214 1933 1635 1220 2097 1066 1305 1433 1404 1620 1169 2039 1421 1559 1254
  6:  1797 | 1170 1820 1616 1884 1156 1214 1794 1695 1319 2076 1005 1270 1412 1422 1768 1168 2038 1426 1457 1290
  7:  1465 | 1078 1884 1601 1885 1194 1194 1697 1734 1415 2078  965 1243 1388 1424 1922 1165 2012 1430 1388 1303
  8:  1256 | 1035 1903 1570 1888 1206 1159 1628 1771 1497 2073  945 1214 1355 1416 2074 1173 2003 1438 1343 1309
  9:  1115 | 1009 1914 1535 1886 1205 1142 1584 1783 1565 2047  932 1193 1334 1403 2205 1174 2014 1435 1325 1315
 10:  1068 |  990 1944 1498 1867 1169 1174 1547 1797 1635 1996  927 1173 1331 1399 2291 1184 2013 1428 1318 1319
 11:  1055 |  972 1962 1466 1856 1139 1203 1553 1774 1722 1923  931 1146 1344 1388 2362 1191 2013 1411 1315 1329
 12:  1112 | 1000 1974 1437 1856 1108 1257 1561 1711 1780 1803  940 1130 1362 1366 2421 1219 2019 1394 1320 1342
 13:  1015 | 1029 1982 1420 1860 1103 1255 1606 1617 1837 1684  991 1117 1375 1338 2452 1252 2022 1357 1324 1379
 14:   961 | 1058 1987 1407 1862 1127 1240 1645 1497 1868 1570 1081 1100 1392 1319 2483 1284 2026 1328 1324 1402
 15:   865 | 1075 1975 1397 1872 1158 1242 1676 1382 1869 1473 1144 1087 1412 1290 2538 1308 2040 1301 1334 1427
 16:   678 | 1107 1967 1389 1866 1196 1241 1683 1291 1867 1378 1202 1081 1428 1263 2595 1332 2046 1284 1345 1439
 17:   541 | 1125 1958 1383 1875 1230 1239 1684 1226 1881 1299 1242 1076 1438 1252 2634 1344 2040 1281 1350 1443
 18:   483 | 1150 1954 1375 1897 1254 1238 1669 1173 1891 1221 1291 1069 1444 1245 2657 1356 2032 1283 1358 1443
 19:   390 | 1180 1940 1381 1904 1267 1234 1649 1131 1904 1164 1339 1070 1447 1233 2671 1360 2028 1292 1364 1442
 20:   309 | 1197 1928 1381 1917 1272 1236 1636 1122 1896 1116 1390 1073 1449 1227 2682 1357 2020 1290 1367 1444
 21:   270 | 1206 1922 1381 1933 1278 1239 1619 1124 1899 1085 1423 1072 1449 1221 2687 1348 2007 1290 1367 1450
 22:   243 | 1211 1919 1381 1941 1278 1247 1605 1113 1902 1055 1470 1074 1445 1216 2687 1337 1998 1294 1369 1458
 23:   213 | 1210 1921 1381 1945 1278 1247 1591 1107 1911 1031 1506 1077 1442 1218 2677 1330 1986 1299 1372 1471
 24:   201 | 1207 1921 1378 1951 1281 1253 1584 1090 1910 1010 1529 1080 1443 1219 2679 1321 1974 1304 1374 1492
 25:   200 | 1199 1921 1374 1955 1282 1257 1576 1071 1914  994 1551 1082 1441 1218 2681 1323 1970 1309 1375 1507
 26:   199 | 1191 1917 1371 1957 1284 1270 1570 1057 1908  978 1578 1080 1439 1216 2669 1325 1967 1316 1376 1531
 27:   200 | 1185 1914 1368 1957 1284 1277 1569 1033 1911  964 1591 1080 1436 1216 2661 1329 1966 1322 1375 1562
 28:   224 | 1175 1910 1361 1957 1282 1291 1566 1024 1914  953 1593 1080 1432 1213 2644 1333 1963 1326 1378 1605
 29:   248 | 1161 1901 1357 1958 1283 1321 1564  988 1911  958 1607 1083 1431 1214 2622 1332 1962 1328 1377 1642
 30:   287 | 1149 1889 1353 1957 1284 1355 1564  957 1912  961 1606 1088 1430 1214 2582 1336 1961 1339 1377 1686
 31:   335 | 1135 1871 1350 1960 1285 1388 1568  934 1914  953 1599 1091 1433 1214 2543 1341 1956 1348 1376 1741
 32:   387 | 1116 1841 1341 1957 1285 1432 1579  919 1910  945 1616 1098 1440 1215 2512 1341 1946 1348 1377 1782
 33:   401 | 1090 1820 1338 1956 1285 1494 1583  927 1913  932 1624 1106 1441 1218 2482 1350 1939 1348 1380 1774
 34:   401 | 1075 1792 1326 1955 1286 1546 1592  936 1911  921 1634 1110 1443 1216 2464 1357 1934 1345 1385 1772
 35:   439 | 1060 1755 1314 1958 1288 1600 1599  948 1924  915 1643 1120 1448 1216 2439 1360 1933 1340 1387 1753
 36:   433 | 1045 1733 1298 1961 1293 1620 1602  962 1958  914 1646 1132 1453 1215 2402 1371 1936 1338 1391 1730
 37:   374 | 1030 1713 1291 1966 1298 1635 1608  961 1985  920 1650 1136 1455 1220 2363 1380 1942 1342 1398 1707
 38:   318 | 1017 1689 1286 1975 1301 1662 1617  962 2006  921 1656 1137 1452 1220 2334 1388 1950 1342 1410 1675
 39:   292 | 1010 1665 1279 1974 1303 1685 1626  963 2022  917 1652 1144 1450 1220 2314 1399 1963 1346 1425 1643
 40:   206 | 1005 1650 1277 1969 1306 1683 1631  962 2038  919 1653 1151 1449 1218 2299 1409 1973 1345 1435 1628
 41:   206 | 1000 1641 1273 1961 1310 1700 1633  963 2053  915 1652 1155 1449 1221 2281 1424 1985 1345 1442 1597
 42:   204 |  997 1631 1272 1954 1311 1711 1633  962 2070  914 1648 1151 1448 1219 2282 1434 1987 1349 1445 1582
 43:   175 |  994 1634 1271 1947 1311 1716 1633  959 2079  917 1645 1146 1450 1220 2269 1444 1988 1351 1454 1572
 44:   166 |  989 1631 1269 1944 1315 1718 1628  963 2086  918 1643 1144 1450 1220 2259 1463 1992 1352 1457 1559
 45:   133 |  987 1628 1267 1940 1317 1709 1628  965 2101  917 1642 1141 1451 1220 2255 1473 1995 1353 1459 1552
 46:   109 |  991 1617 1262 1937 1317 1697 1621  966 2120  912 1643 1141 1451 1221 2262 1480 1996 1354 1462 1550
 47:    94 |  991 1612 1259 1935 1317 1677 1613  965 2134  913 1642 1141 1452 1222 2256 1496 2004 1353 1467 1551
 48:    90 |  990 1609 1259 1934 1320 1663 1612  965 2138  913 1642 1140 1451 1223 2254 1510 2006 1354 1470 1547
 49:    72 |  990 1602 1258 1936 1320 1655 1613  967 2136  913 1643 1138 1452 1224 2251 1518 2008 1353 1474 1549
 50:    72 |  989 1600 1258 1939 1318 1643 1612  969 2139  913 1642 1136 1455 1224 2249 1529 2008 1353 1477 1547
 51:    53 |  989 1599 1257 1938 1319 1634 1611  969 2141  913 1644 1134 1455 1224 2249 1542 2003 1353 1479 1547
 52:    52 |  989 1596 1257 1938 1318 1628 1611  970 2140  913 1644 1131 1456 1224 2247 1552 2003 1354 1484 1545
 53:    41 |  989 1598 1257 1936 1319 1626 1606  970 2141  913 1642 1131 1456 1223 2242 1559 2003 1354 1490 1545
 54:    39 |  989 1596 1258 1936 1322 1623 1602  970 2133  913 1641 1130 1456 1221 2242 1572 2003 1354 1495 1544
 55:    28 |  989 1596 1258 1937 1325 1619 1601  970 2134  913 1641 1129 1455 1221 2239 1575 2002 1354 1497 1545
 56:    23 |  989 1597 1258 1937 1323 1618 1598  971 2137  913 1642 1128 1454 1221 2239 1576 2002 1354 1499 1544
 57:    14 |  989 1597 1258 1937 1322 1620 1596  970 2134  914 1642 1128 1455 1222 2239 1578 2003 1354 1500 1542
 58:    11 |  990 1597 1258 1937 1322 1617 1596  970 2133  913 1642 1128 1455 1222 2239 1579 2003 1354 1502 1543
 59:    13 |  989 1597 1258 1937 1322 1615 1594  970 2131  913 1642 1128 1454 1222 2240 1583 2004 1354 1503 1544
 60:    21 |  989 1597 1258 1937 1322 1612 1592  970 2128  913 1643 1128 1455 1222 2241 1587 2004 1354 1503 1545
 61:    19 |  989 1597 1258 1938 1324 1606 1593  970 2131  913 1642 1128 1456 1222 2239 1589 2003 1354 1503 1545
 62:    18 |  989 1599 1258 1938 1325 1602 1593  971 2128  913 1642 1128 1457 1222 2239 1593 2002 1354 1505 1542
 63:    15 |  989 1599 1258 1938 1324 1601 1593  971 2126  913 1644 1128 1457 1222 2240 1596 2002 1354 1505 1540
 64:    14 |  989 1599 1258 1938 1324 1603 1593  971 2125  913 1644 1127 1456 1220 2240 1601 2001 1354 1505 1539
 65:    12 |  989 1599 1258 1938 1324 1605 1592  971 2125  913 1644 1127 1455 1219 2240 1603 2001 1354 1505 1538
 66:     7 |  989 1599 1258 1938 1324 1608 1592  971 2121  913 1644 1126 1454 1219 2240 1606 2001 1354 1506 1537
 67:    11 |  989 1599 1257 1938 1325 1607 1592  971 2116  913 1644 1126 1454 1219 2241 1610 2001 1354 1507 1537
 68:    13 |  989 1598 1257 1938 1325 1606 1593  971 2117  913 1644 1126 1454 1218 2242 1611 1998 1354 1508 1538
 69:    12 |  989 1598 1257 1938 1324 1604 1594  972 2113  913 1644 1126 1454 1218 2242 1612 1998 1355 1508 1541
 70:    15 |  988 1598 1257 1940 1324 1602 1594  973 2108  913 1644 1126 1455 1218 2242 1616 1997 1355 1510 1540
 71:    14 |  989 1599 1257 1940 1324 1601 1593  972 2106  914 1644 1125 1455 1218 2242 1618 1997 1355 1512 1539
 72:    18 |  989 1598 1257 1941 1324 1597 1595  972 2105  915 1646 1124 1455 1219 2242 1617 1995 1355 1514 1540
 73:    21 |  988 1598 1256 1941 1324 1597 1593  971 2101  916 1647 1124 1455 1219 2242 1624 1995 1355 1515 1539
 74:    26 |  987 1597 1256 1940 1324 1596 1593  974 2093  916 1648 1125 1456 1219 2242 1627 1996 1355 1517 1539
 75:    14 |  986 1597 1256 1940 1324 1595 1592  976 2086  916 1649 1125 1457 1219 2242 1630 1996 1355 1519 1540
 76:    12 |  985 1597 1256 1940 1324 1594 1593  976 2080  916 1651 1125 1457 1219 2242 1634 1996 1355 1520 1540
 77:    18 |  984 1597 1256 1939 1324 1589 1593  976 2083  916 1651 1125 1456 1219 2242 1638 1996 1354 1521 1541
 78:    13 |  983 1598 1256 1939 1324 1589 1594  976 2080  916 1651 1125 1455 1220 2242 1637 1996 1355 1522 1542
 79:     6 |  983 1598 1256 1939 1323 1587 1597  976 2078  916 1651 1125 1455 1221 2242 1637 1996 1355 1522 1543
 80:     6 |  983 1599 1256 1939 1324 1587 1598  976 2076  916 1651 1124 1455 1221 2242 1638 1996 1355 1522 1542
 81:     8 |  983 1600 1255 1939 1324 1586 1599  976 2076  916 1650 1124 1455 1221 2242 1640 1996 1355 1522 1541
 82:    12 |  983 1600 1255 1939 1324 1585 1601  976 2073  916 1649 1124 1453 1221 2243 1645 1996 1355 1522 1540
 83:     9 |  983 1600 1255 1939 1324 1585 1602  976 2071  916 1649 1124 1452 1220 2242 1649 1996 1355 1522 1540
 84:     6 |  983 1600 1255 1939 1324 1586 1604  976 2068  916 1649 1124 1452 1219 2241 1651 1996 1355 1522 1540
 85:     5 |  983 1600 1255 1939 1323 1586 1605  976 2067  915 1649 1124 1452 1220 2241 1652 1996 1355 1522 1540
 86:     5 |  983 1600 1255 1939 1322 1588 1605  977 2066  915 1649 1124 1452 1220 2241 1652 1996 1355 1522 1539
 87:     3 |  983 1600 1255 1939 1320 1588 1606  977 2065  915 1649 1124 1452 1221 2241 1652 1997 1355 1522 1539
 88:     2 |  983 1600 1255 1939 1320 1588 1606  977 2066  915 1649 1124 1452 1222 2240 1652 1997 1355 1522 1538
 89:     4 |  983 1601 1255 1939 1320 1588 1607  977 2066  915 1649 1124 1453 1222 2239 1652 1997 1355 1522 1536
 90:     3 |  983 1602 1255 1939 1320 1587 1607  977 2067  915 1649 1124 1453 1222 2239 1651 1997 1355 1522 1536
 91:     1 |  983 1602 1255 1939 1320 1586 1607  977 2068  915 1649 1124 1453 1222 2239 1651 1997 1355 1522 1536
 92:     1 |  983 1602 1255 1939 1320 1585 1607  977 2069  915 1649 1124 1453 1222 2239 1651 1997 1355 1522 1536
 93:     2 |  983 1602 1255 1939 1320 1586 1608  977 2068  915 1649 1123 1453 1222 2239 1651 1997 1355 1522 1536
 94:     1 |  983 1602 1255 1939 1320 1586 1609  977 2067  915 1649 1123 1453 1222 2239 1651 1997 1355 1522 1536
 95:     0 |  983 1602 1255 1939 1320 1586 1609  977 2067  915 1649 1123 1453 1222 2239 1651 1997 1355 1522 1536
CONVERGED: after 96 iterations

==CONFUSION MATRIX + COUNTS==
LABEL \ CLUST
       0    1    2    3    4    5    6    7    8    9   10   11   12   13   14   15   16   17   18   19  TOT
 0:  933    1    2    0    4    6   16  858   30  872   51    1    0   17    4    4    7   27    0  128 2961
 1:    0    0    1    2   14    4    0    0   15    0    3  893 1235    0    7    2    0    2 1242    3 3423
 2:    3    1   15   26 1240   65   13   24   20    9   40   65   46 1100   61   32   45   18   53   72 2948
 3:    5    2    6   11   30   93  778    8  616    2    6   12   21   54   63 1217   17    6   64   62 3073
 4:    1  967    1  187    0    1    0    0    5    1   36   43   22   16  590    0  903   29   13  111 2926
 5:    7   31    1   10    1   80  517   36  592    6   40    3    3    2   70  321   51   16   21  901 2709
 6:   15    2    0    0   15    1    9   34   15   20 1455    7   22    5    9    2   24 1241   21   78 2975
 7:    2   36 1191 1097    8    3    0    0    1    1    0   52   50    9  410    0  188    2   33   24 3107
 8:    9   40    1   26    8 1328  259   12  726    3   15   38   37    9   65   62   29   10   59  139 2875
 9:    8  522   37  580    0    5   17    5   47    1    3    9   17   10  960   11  733    4   16   18 3003
TOT  983 1602 1255 1939 1320 1586 1609  977 2067  915 1649 1123 1453 1222 2239 1651 1997 1355 1522 1536 30000

Saving cluster labels to file outdirs/outdir_digits_all_3e4.txt_64/labels.txt
Saving cluster centers to outdirs/outdir_digits_all_3e4.txt_64/cent_0000.pgm ...
runtime: procs 64 data digits_all_3e4.txt realtime 3.24


>> ./kmeans_omp sample-mnist-data/digits_all_5e3.txt 20 outdirs/outdir_digits_all_5e3.txt_85 500
threads: 85
datafile: sample-mnist-data/digits_all_5e3.txt
nclust: 20
savedir: outdirs/outdir_digits_all_5e3.txt_85
ndata: 5000
dim: 784

==CLUSTERING: MAXITER 500==
ITER NCHANGE CLUST_COUNTS
  1:  4484 |  335  107  277  308  369  141   60  122  468   30   98  343   95  240  550  523  159  195  226  354
  2:  1886 |  297  179  287  210  391  260  125  233  303  154  231  254  186  211  340  282  106  133  340  478
  3:   976 |  252  201  234  221  368  261  200  300  284  182  229  231  167  248  293  195  149  126  351  508
  4:   632 |  221  206  213  273  333  258  249  307  288  179  235  238  167  275  253  159  162  151  332  501
  5:   362 |  217  206  209  308  301  262  291  308  279  178  235  227  172  290  221  140  172  155  339  490
  6:   212 |  215  207  207  333  282  257  319  309  274  172  232  228  174  300  196  144  174  152  346  479
  7:   130 |  211  213  204  344  271  253  338  310  277  170  227  230  181  306  180  140  179  149  349  468
  8:    91 |  211  214  203  352  262  246  348  315  281  167  225  232  188  306  171  138  183  152  348  458
  9:    67 |  212  215  203  358  256  240  356  319  281  165  222  233  194  304  168  139  186  153  347  449
 10:    52 |  215  215  202  362  252  234  362  323  283  166  219  235  200  304  165  137  189  153  345  439
 11:    45 |  215  217  199  369  245  231  368  323  283  167  219  237  202  304  165  138  192  153  345  428
 12:    41 |  216  217  198  373  241  228  369  323  283  165  219  238  204  305  165  138  191  158  346  423
 13:    36 |  216  219  195  379  237  228  374  322  283  164  219  238  205  306  165  137  191  160  347  415
 14:    34 |  216  219  193  385  234  228  376  322  283  162  218  237  206  307  165  140  190  161  346  412
 15:    28 |  216  219  191  390  233  227  377  322  284  164  218  237  208  305  165  145  189  156  345  409
 16:    30 |  216  220  192  393  229  226  381  322  284  165  217  237  209  305  165  152  189  149  343  406
 17:    18 |  216  222  191  392  229  224  380  322  284  164  217  237  211  303  166  159  189  145  343  406
 18:    11 |  217  222  191  392  229  223  380  321  284  163  217  237  213  304  165  165  189  139  343  406
 19:     9 |  218  222  191  392  229  223  380  321  284  162  217  237  214  303  164  168  189  137  343  406
 20:     6 |  217  222  191  392  229  222  380  321  284  163  217  238  216  303  164  168  189  135  343  406
 21:     8 |  216  222  191  392  229  221  380  321  284  163  217  238  218  302  164  168  189  135  344  406
 22:     5 |  214  222  191  392  229  221  380  321  284  163  217  240  218  302  164  168  189  136  343  406
 23:     8 |  212  221  191  392  229  221  380  321  284  163  217  242  218  302  163  166  189  138  344  407
 24:    10 |  210  221  191  392  229  221  380  321  284  163  217  244  218  300  162  167  189  139  344  408
 25:     4 |  212  221  191  392  229  221  380  321  284  163  218  244  218  299  160  167  189  140  344  407
 26:     3 |  213  222  191  392  229  222  380  321  284  163  218  244  218  297  159  167  189  140  344  407
 27:     4 |  212  223  191  392  229  220  379  321  284  163  218  245  220  297  159  167  189  140  344  407
 28:     6 |  212  222  191  393  229  221  378  321  284  163  218  246  221  297  158  166  189  140  344  407
 29:     4 |  211  223  191  392  229  222  378  320  284  163  218  246  222  297  158  166  189  140  344  407
 30:     5 |  210  225  192  391  229  222  378  319  284  163  218  247  222  297  158  166  189  140  344  406
 31:     3 |  210  226  193  391  229  221  378  318  284  163  218  247  223  297  158  165  189  140  344  406
 32:     1 |  210  226  193  391  229  221  378  318  285  163  218  247  222  297  158  165  189  140  344  406
 33:     0 |  210  226  193  391  229  221  378  318  285  163  218  247  222  297  158  165  189  140  344  406
CONVERGED: after 34 iterations

==CONFUSION MATRIX + COUNTS==
LABEL \ CLUST
       0    1    2    3    4    5    6    7    8    9   10   11   12   13   14   15   16   17   18   19  TOT
 0:    0   12    7    1    1    3    1    0    0  159    0    0    0   15    0  142    6  133    7    2  489
 1:  179    2    0    0    0    0    0    1    0    0    0  217    1    1  128    0    1    0    0    0  530
 2:    0    2    3    2    0  209   23    8    3    0    4    2  209    1    8    3    7    1    5    3  493
 3:    2   15    0    0    0    3   25   13  164    0    0    0    5    1    5    0   35    1  239    1  509
 4:    4   13    2  260  125    1   67    2    0    0    0   11    0    2    3    0    0    0    0    9  499
 5:    0  161    0    3    2    1   49   13   99    0    0    2    2    8    2   11   32    1   72    0  458
 6:    5    8  181    1    1    0    2    1    2    2    0    0    3  269    1    3    1    2    0    0  482
 7:    9    2    0    5    4    2   41    0    0    0  206    8    0    0    4    0    0    0    0  282  563
 8:    7    7    0    0    1    2   34  279   15    1    0    4    2    0    7    5  103    1   17    9  494
 9:    4    4    0  119   95    0  136    1    2    1    8    3    0    0    0    1    4    1    4  100  483
TOT  210  226  193  391  229  221  378  318  285  163  218  247  222  297  158  165  189  140  344  406 5000

Saving cluster labels to file outdirs/outdir_digits_all_5e3.txt_85/labels.txt
Saving cluster centers to outdirs/outdir_digits_all_5e3.txt_85/cent_0000.pgm ...
runtime: procs 85 data digits_all_5e3.txt realtime 0.53


>> ./kmeans_omp sample-mnist-data/digits_all_1e4.txt 20 outdirs/outdir_digits_all_1e4.txt_85 500
threads: 85
datafile: sample-mnist-data/digits_all_1e4.txt
nclust: 20
savedir: outdirs/outdir_digits_all_1e4.txt_85
ndata: 10000
dim: 784

==CLUSTERING: MAXITER 500==
ITER NCHANGE CLUST_COUNTS
  1:  8990 |  404   80  508  512  771  536  217  429  509  552  583  974  233  582  830  627  478  495  430  250
  2:  3223 |  403  278  407  592  685  592  271  348  487  595  630  861  309  457  675  514  371  560  427  538
  3:  1402 |  527  297  352  538  584  568  323  514  481  624  599  762  335  422  606  500  372  591  377  628
  4:   763 |  604  294  338  508  549  568  319  598  471  628  590  697  363  415  573  481  376  599  379  650
  5:   576 |  632  293  324  506  525  572  324  618  461  614  594  660  372  415  544  492  387  604  388  675
  6:   476 |  656  299  307  521  502  579  341  607  471  595  588  649  374  428  514  482  395  601  404  687
  7:   400 |  689  303  305  550  484  586  344  580  477  576  591  642  373  423  489  467  407  600  425  689
  8:   345 |  707  310  301  582  472  596  341  571  464  548  596  636  380  421  469  455  424  602  439  686
  9:   262 |  717  308  302  610  460  599  338  572  464  515  596  633  389  421  449  457  435  607  442  686
 10:   199 |  719  312  305  629  448  600  334  566  464  488  597  633  393  427  442  452  445  612  448  686
 11:   163 |  721  316  311  642  445  593  331  557  475  470  598  633  398  428  439  451  449  614  445  684
 12:   138 |  722  321  314  646  444  590  328  554  475  453  599  638  405  426  436  448  458  616  442  685
 13:   103 |  721  323  315  654  443  590  328  539  472  439  601  640  406  427  434  447  466  617  450  688
 14:   108 |  721  325  313  661  445  593  325  530  467  422  602  642  415  430  434  450  475  621  440  689
 15:   111 |  720  326  312  665  454  596  320  512  455  412  603  642  424  431  434  451  480  625  441  697
 16:   117 |  729  326  309  673  460  599  316  490  444  402  600  642  436  432  432  450  479  627  451  703
 17:   105 |  726  324  308  671  464  599  315  478  434  398  598  643  443  433  433  449  483  626  464  711
 18:   107 |  726  325  308  674  474  598  313  465  424  390  596  643  452  429  433  451  486  630  474  709
 19:    91 |  726  324  307  680  480  594  314  455  424  385  593  642  457  428  433  450  486  634  480  708
 20:    70 |  727  324  307  679  481  592  316  453  427  382  595  641  464  426  433  452  486  636  471  708
 21:    68 |  727  324  307  677  480  589  317  451  430  381  595  642  476  426  433  450  479  638  470  708
 22:    62 |  727  323  307  677  482  586  318  448  435  381  594  644  486  427  433  447  474  639  466  706
 23:    72 |  728  324  307  676  484  583  318  447  438  381  593  645  500  424  431  446  469  642  459  705
 24:    69 |  731  323  306  674  486  582  319  445  445  380  591  643  511  423  430  445  461  646  454  705
 25:    73 |  729  321  306  670  490  581  319  443  456  381  591  642  516  423  430  445  453  649  450  705
 26:    64 |  723  320  306  671  493  579  319  442  458  380  592  642  517  423  427  444  456  651  449  708
 27:    63 |  721  319  308  670  493  578  318  440  466  380  594  642  520  423  428  441  455  653  443  708
 28:    56 |  721  321  308  670  492  577  319  437  474  380  597  641  523  424  428  438  455  651  435  709
 29:    43 |  716  323  308  669  493  576  320  437  478  380  597  642  526  425  428  433  454  651  435  709
 30:    42 |  712  324  309  670  496  575  320  434  482  380  597  641  528  425  427  432  454  651  434  709
 31:    18 |  713  324  310  670  496  575  320  433  482  379  598  640  529  426  427  432  454  652  432  708
 32:    18 |  713  325  310  669  496  575  320  429  482  379  598  640  530  426  427  432  455  653  431  710
 33:    19 |  714  325  310  668  496  575  320  427  484  379  598  640  527  427  427  431  454  653  434  711
 34:    16 |  715  325  310  666  496  575  320  426  481  379  598  640  531  428  427  430  452  654  436  711
 35:    18 |  716  325  310  666  496  572  320  426  480  379  598  640  536  430  427  430  450  653  436  710
 36:    12 |  716  325  310  665  496  572  320  427  480  379  598  640  541  430  428  430  447  652  435  709
 37:    16 |  714  326  310  666  496  571  320  427  483  379  598  640  546  430  428  430  448  652  428  708
 38:    16 |  711  326  310  666  498  570  320  427  484  379  599  640  551  431  428  430  445  652  425  708
 39:    19 |  711  326  310  666  500  569  319  426  485  379  599  640  558  431  428  430  442  653  421  707
 40:    11 |  710  326  310  666  499  568  319  426  487  379  599  640  559  431  429  429  440  655  421  707
 41:    10 |  710  327  310  666  499  567  318  426  487  379  599  640  564  431  430  429  436  655  420  707
 42:    14 |  709  329  310  666  499  566  316  426  487  379  599  640  568  431  431  429  435  655  418  707
 43:     9 |  709  329  310  666  499  565  314  426  488  379  599  640  569  431  433  429  433  655  419  707
 44:    15 |  709  329  310  666  499  565  313  426  488  379  599  640  576  431  434  428  426  654  421  707
 45:    18 |  708  329  309  665  499  562  312  426  488  381  599  640  578  431  434  427  427  655  422  708
 46:    16 |  708  330  309  665  499  560  312  427  488  382  599  640  577  431  434  426  428  655  422  708
 47:    17 |  708  332  309  665  499  557  312  428  489  383  599  640  580  431  434  424  426  655  421  708
 48:    22 |  705  332  309  665  499  555  312  428  490  383  600  640  585  432  434  424  423  655  421  708
 49:    28 |  706  333  309  665  499  552  312  428  490  386  603  639  583  432  434  423  417  657  424  708
 50:    20 |  704  333  310  665  499  550  312  428  490  386  605  639  584  432  434  423  415  657  426  708
 51:    30 |  704  333  310  665  498  547  312  428  493  388  605  639  588  432  434  423  407  657  429  708
 52:    40 |  702  333  311  666  497  545  312  428  495  389  606  640  588  431  434  424  404  659  430  706
 53:    30 |  702  333  311  666  497  541  313  427  500  391  606  639  588  431  434  424  396  660  434  707
 54:    33 |  699  333  311  667  495  536  314  426  502  391  606  639  589  431  434  424  398  660  440  705
 55:    41 |  697  333  312  667  496  533  315  423  507  390  607  639  595  430  434  424  397  658  441  702
 56:    49 |  695  334  312  668  498  528  317  422  511  391  608  640  593  429  433  424  394  658  444  701
 57:    42 |  696  335  312  666  499  523  317  419  516  391  609  640  603  429  433  424  381  659  448  700
 58:    39 |  699  335  312  667  500  514  316  419  521  391  611  640  600  429  432  425  382  659  451  697
 59:    38 |  699  337  312  666  501  508  316  419  521  391  611  641  606  428  432  425  379  661  448  699
 60:    45 |  699  339  312  667  500  503  317  417  524  391  610  641  608  428  432  427  376  663  447  699
 61:    41 |  700  340  311  667  500  502  317  415  525  391  611  643  610  427  432  430  379  662  440  698
 62:    35 |  697  342  311  666  500  500  317  412  528  391  612  644  609  426  432  431  385  661  439  697
 63:    35 |  691  343  310  666  500  497  320  410  528  392  615  643  610  425  432  433  394  659  436  696
 64:    35 |  685  343  310  666  500  498  319  409  529  392  617  641  611  425  432  433  404  656  435  695
 65:    32 |  679  344  311  669  500  495  317  408  527  392  616  641  613  424  431  433  414  656  434  696
 66:    38 |  679  346  311  670  500  491  315  407  528  392  615  642  616  423  430  432  420  656  433  694
 67:    44 |  673  347  311  670  502  490  309  406  533  392  616  643  615  422  431  432  425  655  435  693
 68:    34 |  673  347  309  669  504  488  307  406  535  392  617  643  617  422  431  432  428  654  434  692
 69:    26 |  675  348  309  669  502  491  307  407  538  392  617  642  615  422  431  432  426  654  434  689
 70:    19 |  673  348  310  670  504  489  304  407  543  392  617  642  613  422  431  432  426  655  435  687
 71:    15 |  671  348  310  671  504  489  303  407  549  391  617  641  611  422  429  432  429  655  434  687
 72:    16 |  668  348  310  672  504  489  303  408  551  391  619  641  612  422  428  432  426  655  435  686
 73:    24 |  667  348  310  673  503  488  303  408  556  391  619  642  610  422  426  433  428  655  433  685
 74:    20 |  663  348  310  673  503  485  303  409  562  391  621  642  602  422  426  433  433  655  433  686
 75:    12 |  663  348  310  674  503  483  303  409  563  391  621  642  599  423  425  433  438  655  433  684
 76:    15 |  664  348  310  674  502  480  303  409  564  391  621  642  595  423  423  433  446  655  432  685
 77:    11 |  664  348  311  674  502  479  303  409  565  391  622  642  592  423  422  433  448  655  432  685
 78:     4 |  666  348  311  673  502  480  303  409  564  391  622  642  591  423  422  433  447  656  432  685
 79:     3 |  666  348  311  673  502  480  303  409  563  391  622  642  591  423  421  433  448  657  432  685
 80:     2 |  664  348  311  673  503  480  303  409  563  391  622  642  591  423  421  433  448  658  432  685
 81:     2 |  666  348  311  672  503  480  303  409  563  391  622  642  591  423  420  433  448  658  432  685
 82:     5 |  668  348  311  672  504  480  303  409  563  391  622  642  591  423  418  433  448  658  432  684
 83:     6 |  668  349  311  671  505  480  303  409  564  391  622  642  591  423  417  433  448  658  432  683
 84:    13 |  664  349  311  671  507  480  303  409  567  391  625  642  589  423  416  433  450  658  431  681
 85:    12 |  661  351  311  671  507  480  303  409  568  391  627  643  588  423  416  433  450  658  431  679
 86:    19 |  661  352  311  669  508  480  302  410  568  391  630  644  589  423  414  433  450  659  431  675
 87:    27 |  657  351  313  666  510  480  302  410  568  391  634  644  590  424  413  433  452  662  431  669
 88:    23 |  660  352  312  663  512  480  302  412  568  391  636  645  591  424  412  433  451  663  431  662
 89:    24 |  661  352  312  661  512  480  303  414  567  391  640  648  590  424  411  433  455  663  430  653
 90:    24 |  663  351  312  658  511  481  303  415  568  391  645  650  591  424  410  433  455  663  428  648
 91:    28 |  655  350  312  654  514  481  303  416  569  391  651  651  591  424  410  433  456  667  428  644
 92:    38 |  660  350  312  646  513  481  305  417  568  391  656  651  592  425  408  433  458  669  429  636
 93:    33 |  656  350  313  641  515  481  305  417  569  391  663  650  592  425  408  433  462  669  429  631
 94:    28 |  653  350  313  638  519  482  305  416  570  391  668  651  593  425  407  433  462  669  429  626
 95:    31 |  642  349  313  635  527  482  303  418  570  391  673  652  592  425  408  433  462  670  429  626
 96:    32 |  645  349  313  626  528  481  304  418  570  391  675  652  593  425  409  433  462  670  430  626
 97:    34 |  650  349  313  618  535  480  305  419  571  391  676  652  593  425  404  433  463  669  431  623
 98:    41 |  645  349  314  610  546  479  304  419  571  391  679  651  593  425  402  433  463  670  431  625
 99:    38 |  651  348  314  601  551  477  304  420  571  391  682  652  594  425  398  433  466  669  431  622
100:    26 |  647  347  314  599  557  476  303  419  571  391  685  653  594  425  398  433  467  669  431  621
101:    20 |  641  347  314  595  565  476  303  419  571  391  686  653  593  425  398  433  469  669  432  620
102:    23 |  634  346  314  597  571  476  303  419  571  391  688  653  592  425  396  433  470  669  433  619
103:    20 |  630  345  314  594  575  476  303  419  571  391  690  652  591  425  397  433  473  669  433  619
104:    23 |  623  346  314  591  582  476  304  419  571  391  692  651  590  425  396  433  474  669  433  620
105:    19 |  621  346  314  589  586  476  304  419  571  391  693  649  590  425  395  433  476  669  434  619
106:    14 |  619  346  315  588  589  476  304  419  571  391  694  649  591  425  393  434  475  669  433  619
107:    15 |  617  346  316  586  590  476  304  419  571  393  696  648  590  425  393  432  476  670  434  618
108:    12 |  615  346  316  586  590  476  305  419  571  394  698  648  589  425  395  430  477  670  435  615
109:    12 |  614  346  316  586  592  476  305  419  571  394  699  648  587  425  397  430  478  669  436  612
110:     7 |  613  346  316  585  594  476  305  419  571  394  700  648  585  425  397  430  479  669  436  612
111:     2 |  613  346  316  585  594  476  305  419  571  394  700  648  585  425  398  430  479  669  435  612
112:     0 |  613  346  316  585  594  476  305  419  571  394  700  648  585  425  398  430  479  669  435  612
CONVERGED: after 113 iterations

==CONFUSION MATRIX + COUNTS==
LABEL \ CLUST
       0    1    2    3    4    5    6    7    8    9   10   11   12   13   14   15   16   17   18   19  TOT
 0:    0   36    9    3    0    1    1   16    6  380    0    0   12   12    2  405    6    2   77    0  968
 1:    0    0    0    0    2    4    0    5    0    0  521  557    0    0    0    0    3    1    0    0 1093
 2:    6   12   28    1   18   13    1   16   20    0   55   34   16    2    8    9   91  646    0    5  981
 3:   15    4    1    2   17   30    0   17  486    1   32    1  308    0    2    1   64   10   11    0 1002
 4:   87   11    9   13  232    2  172   36    0    0   11   13    0    2    0    0    0    2    1  443 1034
 5:   10    9    1    0   23    1    8  282   23    4    5    0  168   12    1    6   13    2  315    9  892
 6:    0  271  267    0    0    0    3    3    0    4   21    3    2  396    0    2    0    0   11    0  983
 7:  217    0    1  400   40    1   17    9    0    0   19   24    0    0  372    0    1    3    0    9 1113
 8:   13    2    0    7    4  423   10   22   31    4   29   11   74    0    0    4  295    3   16    8  956
 9:  265    1    0  159  258    1   93   13    5    1    7    5    5    1   13    3    6    0    4  138  978
TOT  613  346  316  585  594  476  305  419  571  394  700  648  585  425  398  430  479  669  435  612 10000

Saving cluster labels to file outdirs/outdir_digits_all_1e4.txt_85/labels.txt
Saving cluster centers to outdirs/outdir_digits_all_1e4.txt_85/cent_0000.pgm ...
runtime: procs 85 data digits_all_1e4.txt realtime 1.49


>> ./kmeans_omp sample-mnist-data/digits_all_3e4.txt 20 outdirs/outdir_digits_all_3e4.txt_85 500
threads: 85
datafile: sample-mnist-data/digits_all_3e4.txt
nclust: 20
savedir: outdirs/outdir_digits_all_3e4.txt_85
ndata: 30000
dim: 784

==CLUSTERING: MAXITER 500==
ITER NCHANGE CLUST_COUNTS
  1: 27318 |  529  328 1732 1400  490  598 2988 1689 1043 3017 2786 1435 1292  609 1865 1043 1483 2434 1670 1569
  2: 11588 | 1179  892 1932 1620 1151  966 2709 1626  395 2328 1432 1233 2004  934 1478 1152 1797 1985 1849 1338
  3:  5761 | 1290 1303 1678 1704 1281 1119 2389 1425  944 2168 1318 1393 1609 1195 1357 1132 1939 1675 1759 1322
  4:  3587 | 1293 1542 1622 1798 1252 1196 2111 1503 1149 2113 1186 1350 1486 1368 1468 1172 2016 1461 1640 1274
  5:  2465 | 1242 1714 1616 1868 1191 1214 1933 1635 1220 2097 1066 1305 1433 1404 1620 1169 2039 1421 1559 1254
  6:  1797 | 1170 1820 1616 1884 1156 1214 1794 1695 1319 2076 1005 1270 1412 1422 1768 1168 2038 1426 1457 1290
  7:  1465 | 1078 1884 1601 1885 1194 1194 1697 1734 1415 2078  965 1243 1388 1424 1922 1165 2012 1430 1388 1303
  8:  1256 | 1035 1903 1570 1888 1206 1159 1628 1771 1497 2073  945 1214 1355 1416 2074 1173 2003 1438 1343 1309
  9:  1115 | 1009 1914 1535 1886 1205 1142 1584 1783 1565 2047  932 1193 1334 1403 2205 1174 2014 1435 1325 1315
 10:  1068 |  990 1944 1498 1867 1169 1174 1547 1797 1635 1996  927 1173 1331 1399 2291 1184 2013 1428 1318 1319
 11:  1055 |  972 1962 1466 1856 1139 1203 1553 1774 1722 1923  931 1146 1344 1388 2362 1191 2013 1411 1315 1329
 12:  1112 | 1000 1974 1437 1856 1108 1257 1561 1711 1780 1803  940 1130 1362 1366 2421 1219 2019 1394 1320 1342
 13:  1015 | 1029 1982 1420 1860 1103 1255 1606 1617 1837 1684  991 1117 1375 1338 2452 1252 2022 1357 1324 1379
 14:   961 | 1058 1987 1407 1862 1127 1240 1645 1497 1868 1570 1081 1100 1392 1319 2483 1284 2026 1328 1324 1402
 15:   865 | 1075 1975 1397 1872 1158 1242 1676 1382 1869 1473 1144 1087 1412 1290 2538 1308 2040 1301 1334 1427
 16:   678 | 1107 1967 1389 1866 1196 1241 1683 1291 1867 1378 1202 1081 1428 1263 2595 1332 2046 1284 1345 1439
 17:   541 | 1125 1958 1383 1875 1230 1239 1684 1226 1881 1299 1242 1076 1438 1252 2634 1344 2040 1281 1350 1443
 18:   483 | 1150 1954 1375 1897 1254 1238 1669 1173 1891 1221 1291 1069 1444 1245 2657 1356 2032 1283 1358 1443
 19:   390 | 1180 1940 1381 1904 1267 1234 1649 1131 1904 1164 1339 1070 1447 1233 2671 1360 2028 1292 1364 1442
 20:   309 | 1197 1928 1381 1917 1272 1236 1636 1122 1896 1116 1390 1073 1449 1227 2682 1357 2020 1290 1367 1444
 21:   270 | 1206 1922 1381 1933 1278 1239 1619 1124 1899 1085 1423 1072 1449 1221 2687 1348 2007 1290 1367 1450
 22:   243 | 1211 1919 1381 1941 1278 1247 1605 1113 1902 1055 1470 1074 1445 1216 2687 1337 1998 1294 1369 1458
 23:   213 | 1210 1921 1381 1945 1278 1247 1591 1107 1911 1031 1506 1077 1442 1218 2677 1330 1986 1299 1372 1471
 24:   201 | 1207 1921 1378 1951 1281 1253 1584 1090 1910 1010 1529 1080 1443 1219 2679 1321 1974 1304 1374 1492
 25:   200 | 1199 1921 1374 1955 1282 1257 1576 1071 1914  994 1551 1082 1441 1218 2681 1323 1970 1309 1375 1507
 26:   199 | 1191 1917 1371 1957 1284 1270 1570 1057 1908  978 1578 1080 1439 1216 2669 1325 1967 1316 1376 1531
 27:   200 | 1185 1914 1368 1957 1284 1277 1569 1033 1911  964 1591 1080 1436 1216 2661 1329 1966 1322 1375 1562
 28:   224 | 1175 1910 1361 1957 1282 1291 1566 1024 1914  953 1593 1080 1432 1213 2644 1333 1963 1326 1378 1605
 29:   248 | 1161 1901 1357 1958 1283 1321 1564  988 1911  958 1607 1083 1431 1214 2622 1332 1962 1328 1377 1642
 30:   287 | 1149 1889 1353 1957 1284 1355 1564  957 1912  961 1606 1088 1430 1214 2582 1336 1961 1339 1377 1686
 31:   335 | 1135 1871 1350 1960 1285 1388 1568  934 1914  953 1599 1091 1433 1214 2543 1341 1956 1348 1376 1741
 32:   387 | 1116 1841 1341 1957 1285 1432 1579  919 1910  945 1616 1098 1440 1215 2512 1341 1946 1348 1377 1782
 33:   401 | 1090 1820 1338 1956 1285 1494 1583  927 1913  932 1624 1106 1441 1218 2482 1350 1939 1348 1380 1774
 34:   401 | 1075 1792 1326 1955 1286 1546 1592  936 1911  921 1634 1110 1443 1216 2464 1357 1934 1345 1385 1772
 35:   439 | 1060 1755 1314 1958 1288 1600 1599  948 1924  915 1643 1120 1448 1216 2439 1360 1933 1340 1387 1753
 36:   433 | 1045 1733 1298 1961 1293 1620 1602  962 1958  914 1646 1132 1453 1215 2402 1371 1936 1338 1391 1730
 37:   374 | 1030 1713 1291 1966 1298 1635 1608  961 1985  920 1650 1136 1455 1220 2363 1380 1942 1342 1398 1707
 38:   318 | 1017 1689 1286 1975 1301 1662 1617  962 2006  921 1656 1137 1452 1220 2334 1388 1950 1342 1410 1675
 39:   292 | 1010 1665 1279 1974 1303 1685 1626  963 2022  917 1652 1144 1450 1220 2314 1399 1963 1346 1425 1643
 40:   206 | 1005 1650 1277 1969 1306 1683 1631  962 2038  919 1653 1151 1449 1218 2299 1409 1973 1345 1435 1628
 41:   206 | 1000 1641 1273 1961 1310 1700 1633  963 2053  915 1652 1155 1449 1221 2281 1424 1985 1345 1442 1597
 42:   204 |  997 1631 1272 1954 1311 1711 1633  962 2070  914 1648 1151 1448 1219 2282 1434 1987 1349 1445 1582
 43:   175 |  994 1634 1271 1947 1311 1716 1633  959 2079  917 1645 1146 1450 1220 2269 1444 1988 1351 1454 1572
 44:   166 |  989 1631 1269 1944 1315 1718 1628  963 2086  918 1643 1144 1450 1220 2259 1463 1992 1352 1457 1559
 45:   133 |  987 1628 1267 1940 1317 1709 1628  965 2101  917 1642 1141 1451 1220 2255 1473 1995 1353 1459 1552
 46:   109 |  991 1617 1262 1937 1317 1697 1621  966 2120  912 1643 1141 1451 1221 2262 1480 1996 1354 1462 1550
 47:    94 |  991 1612 1259 1935 1317 1677 1613  965 2134  913 1642 1141 1452 1222 2256 1496 2004 1353 1467 1551
 48:    90 |  990 1609 1259 1934 1320 1663 1612  965 2138  913 1642 1140 1451 1223 2254 1510 2006 1354 1470 1547
 49:    72 |  990 1602 1258 1936 1320 1655 1613  967 2136  913 1643 1138 1452 1224 2251 1518 2008 1353 1474 1549
 50:    72 |  989 1600 1258 1939 1318 1643 1612  969 2139  913 1642 1136 1455 1224 2249 1529 2008 1353 1477 1547
 51:    53 |  989 1599 1257 1938 1319 1634 1611  969 2141  913 1644 1134 1455 1224 2249 1542 2003 1353 1479 1547
 52:    52 |  989 1596 1257 1938 1318 1628 1611  970 2140  913 1644 1131 1456 1224 2247 1552 2003 1354 1484 1545
 53:    41 |  989 1598 1257 1936 1319 1626 1606  970 2141  913 1642 1131 1456 1223 2242 1559 2003 1354 1490 1545
 54:    39 |  989 1596 1258 1936 1322 1623 1602  970 2133  913 1641 1130 1456 1221 2242 1572 2003 1354 1495 1544
 55:    28 |  989 1596 1258 1937 1325 1619 1601  970 2134  913 1641 1129 1455 1221 2239 1575 2002 1354 1497 1545
 56:    23 |  989 1597 1258 1937 1323 1618 1598  971 2137  913 1642 1128 1454 1221 2239 1576 2002 1354 1499 1544
 57:    14 |  989 1597 1258 1937 1322 1620 1596  970 2134  914 1642 1128 1455 1222 2239 1578 2003 1354 1500 1542
 58:    11 |  990 1597 1258 1937 1322 1617 1596  970 2133  913 1642 1128 1455 1222 2239 1579 2003 1354 1502 1543
 59:    13 |  989 1597 1258 1937 1322 1615 1594  970 2131  913 1642 1128 1454 1222 2240 1583 2004 1354 1503 1544
 60:    21 |  989 1597 1258 1937 1322 1612 1592  970 2128  913 1643 1128 1455 1222 2241 1587 2004 1354 1503 1545
 61:    19 |  989 1597 1258 1938 1324 1606 1593  970 2131  913 1642 1128 1456 1222 2239 1589 2003 1354 1503 1545
 62:    18 |  989 1599 1258 1938 1325 1602 1593  971 2128  913 1642 1128 1457 1222 2239 1593 2002 1354 1505 1542
 63:    15 |  989 1599 1258 1938 1324 1601 1593  971 2126  913 1644 1128 1457 1222 2240 1596 2002 1354 1505 1540
 64:    14 |  989 1599 1258 1938 1324 1603 1593  971 2125  913 1644 1127 1456 1220 2240 1601 2001 1354 1505 1539
 65:    12 |  989 1599 1258 1938 1324 1605 1592  971 2125  913 1644 1127 1455 1219 2240 1603 2001 1354 1505 1538
 66:     7 |  989 1599 1258 1938 1324 1608 1592  971 2121  913 1644 1126 1454 1219 2240 1606 2001 1354 1506 1537
 67:    11 |  989 1599 1257 1938 1325 1607 1592  971 2116  913 1644 1126 1454 1219 2241 1610 2001 1354 1507 1537
 68:    13 |  989 1598 1257 1938 1325 1606 1593  971 2117  913 1644 1126 1454 1218 2242 1611 1998 1354 1508 1538
 69:    12 |  989 1598 1257 1938 1324 1604 1594  972 2113  913 1644 1126 1454 1218 2242 1612 1998 1355 1508 1541
 70:    15 |  988 1598 1257 1940 1324 1602 1594  973 2108  913 1644 1126 1455 1218 2242 1616 1997 1355 1510 1540
 71:    14 |  989 1599 1257 1940 1324 1601 1593  972 2106  914 1644 1125 1455 1218 2242 1618 1997 1355 1512 1539
 72:    18 |  989 1598 1257 1941 1324 1597 1595  972 2105  915 1646 1124 1455 1219 2242 1617 1995 1355 1514 1540
 73:    21 |  988 1598 1256 1941 1324 1597 1593  971 2101  916 1647 1124 1455 1219 2242 1624 1995 1355 1515 1539
 74:    26 |  987 1597 1256 1940 1324 1596 1593  974 2093  916 1648 1125 1456 1219 2242 1627 1996 1355 1517 1539
 75:    14 |  986 1597 1256 1940 1324 1595 1592  976 2086  916 1649 1125 1457 1219 2242 1630 1996 1355 1519 1540
 76:    12 |  985 1597 1256 1940 1324 1594 1593  976 2080  916 1651 1125 1457 1219 2242 1634 1996 1355 1520 1540
 77:    18 |  984 1597 1256 1939 1324 1589 1593  976 2083  916 1651 1125 1456 1219 2242 1638 1996 1354 1521 1541
 78:    13 |  983 1598 1256 1939 1324 1589 1594  976 2080  916 1651 1125 1455 1220 2242 1637 1996 1355 1522 1542
 79:     6 |  983 1598 1256 1939 1323 1587 1597  976 2078  916 1651 1125 1455 1221 2242 1637 1996 1355 1522 1543
 80:     6 |  983 1599 1256 1939 1324 1587 1598  976 2076  916 1651 1124 1455 1221 2242 1638 1996 1355 1522 1542
 81:     8 |  983 1600 1255 1939 1324 1586 1599  976 2076  916 1650 1124 1455 1221 2242 1640 1996 1355 1522 1541
 82:    12 |  983 1600 1255 1939 1324 1585 1601  976 2073  916 1649 1124 1453 1221 2243 1645 1996 1355 1522 1540
 83:     9 |  983 1600 1255 1939 1324 1585 1602  976 2071  916 1649 1124 1452 1220 2242 1649 1996 1355 1522 1540
 84:     6 |  983 1600 1255 1939 1324 1586 1604  976 2068  916 1649 1124 1452 1219 2241 1651 1996 1355 1522 1540
 85:     5 |  983 1600 1255 1939 1323 1586 1605  976 2067  915 1649 1124 1452 1220 2241 1652 1996 1355 1522 1540
 86:     5 |  983 1600 1255 1939 1322 1588 1605  977 2066  915 1649 1124 1452 1220 2241 1652 1996 1355 1522 1539
 87:     3 |  983 1600 1255 1939 1320 1588 1606  977 2065  915 1649 1124 1452 1221 2241 1652 1997 1355 1522 1539
 88:     2 |  983 1600 1255 1939 1320 1588 1606  977 2066  915 1649 1124 1452 1222 2240 1652 1997 1355 1522 1538
 89:     4 |  983 1601 1255 1939 1320 1588 1607  977 2066  915 1649 1124 1453 1222 2239 1652 1997 1355 1522 1536
 90:     3 |  983 1602 1255 1939 1320 1587 1607  977 2067  915 1649 1124 1453 1222 2239 1651 1997 1355 1522 1536
 91:     1 |  983 1602 1255 1939 1320 1586 1607  977 2068  915 1649 1124 1453 1222 2239 1651 1997 1355 1522 1536
 92:     1 |  983 1602 1255 1939 1320 1585 1607  977 2069  915 1649 1124 1453 1222 2239 1651 1997 1355 1522 1536
 93:     2 |  983 1602 1255 1939 1320 1586 1608  977 2068  915 1649 1123 1453 1222 2239 1651 1997 1355 1522 1536
 94:     1 |  983 1602 1255 1939 1320 1586 1609  977 2067  915 1649 1123 1453 1222 2239 1651 1997 1355 1522 1536
 95:     0 |  983 1602 1255 1939 1320 1586 1609  977 2067  915 1649 1123 1453 1222 2239 1651 1997 1355 1522 1536
CONVERGED: after 96 iterations

==CONFUSION MATRIX + COUNTS==
LABEL \ CLUST
       0    1    2    3    4    5    6    7    8    9   10   11   12   13   14   15   16   17   18   19  TOT
 0:  933    1    2    0    4    6   16  858   30  872   51    1    0   17    4    4    7   27    0  128 2961
 1:    0    0    1    2   14    4    0    0   15    0    3  893 1235    0    7    2    0    2 1242    3 3423
 2:    3    1   15   26 1240   65   13   24   20    9   40   65   46 1100   61   32   45   18   53   72 2948
 3:    5    2    6   11   30   93  778    8  616    2    6   12   21   54   63 1217   17    6   64   62 3073
 4:    1  967    1  187    0    1    0    0    5    1   36   43   22   16  590    0  903   29   13  111 2926
 5:    7   31    1   10    1   80  517   36  592    6   40    3    3    2   70  321   51   16   21  901 2709
 6:   15    2    0    0   15    1    9   34   15   20 1455    7   22    5    9    2   24 1241   21   78 2975
 7:    2   36 1191 1097    8    3    0    0    1    1    0   52   50    9  410    0  188    2   33   24 3107
 8:    9   40    1   26    8 1328  259   12  726    3   15   38   37    9   65   62   29   10   59  139 2875
 9:    8  522   37  580    0    5   17    5   47    1    3    9   17   10  960   11  733    4   16   18 3003
TOT  983 1602 1255 1939 1320 1586 1609  977 2067  915 1649 1123 1453 1222 2239 1651 1997 1355 1522 1536 30000

Saving cluster labels to file outdirs/outdir_digits_all_3e4.txt_85/labels.txt
Saving cluster centers to outdirs/outdir_digits_all_3e4.txt_85/cent_0000.pgm ...
runtime: procs 85 data digits_all_3e4.txt realtime 3.15


>> ./kmeans_omp sample-mnist-data/digits_all_5e3.txt 20 outdirs/outdir_digits_all_5e3.txt_128 500
threads: 128
datafile: sample-mnist-data/digits_all_5e3.txt
nclust: 20
savedir: outdirs/outdir_digits_all_5e3.txt_128
ndata: 5000
dim: 784

==CLUSTERING: MAXITER 500==
ITER NCHANGE CLUST_COUNTS
  1:  4484 |  335  107  277  308  369  141   60  122  468   30   98  343   95  240  550  523  159  195  226  354
  2:  1886 |  297  179  287  210  391  260  125  233  303  154  231  254  186  211  340  282  106  133  340  478
  3:   976 |  252  201  234  221  368  261  200  300  284  182  229  231  167  248  293  195  149  126  351  508
  4:   632 |  221  206  213  273  333  258  249  307  288  179  235  238  167  275  253  159  162  151  332  501
  5:   362 |  217  206  209  308  301  262  291  308  279  178  235  227  172  290  221  140  172  155  339  490
  6:   212 |  215  207  207  333  282  257  319  309  274  172  232  228  174  300  196  144  174  152  346  479
  7:   130 |  211  213  204  344  271  253  338  310  277  170  227  230  181  306  180  140  179  149  349  468
  8:    91 |  211  214  203  352  262  246  348  315  281  167  225  232  188  306  171  138  183  152  348  458
  9:    67 |  212  215  203  358  256  240  356  319  281  165  222  233  194  304  168  139  186  153  347  449
 10:    52 |  215  215  202  362  252  234  362  323  283  166  219  235  200  304  165  137  189  153  345  439
 11:    45 |  215  217  199  369  245  231  368  323  283  167  219  237  202  304  165  138  192  153  345  428
 12:    41 |  216  217  198  373  241  228  369  323  283  165  219  238  204  305  165  138  191  158  346  423
 13:    36 |  216  219  195  379  237  228  374  322  283  164  219  238  205  306  165  137  191  160  347  415
 14:    34 |  216  219  193  385  234  228  376  322  283  162  218  237  206  307  165  140  190  161  346  412
 15:    28 |  216  219  191  390  233  227  377  322  284  164  218  237  208  305  165  145  189  156  345  409
 16:    30 |  216  220  192  393  229  226  381  322  284  165  217  237  209  305  165  152  189  149  343  406
 17:    18 |  216  222  191  392  229  224  380  322  284  164  217  237  211  303  166  159  189  145  343  406
 18:    11 |  217  222  191  392  229  223  380  321  284  163  217  237  213  304  165  165  189  139  343  406
 19:     9 |  218  222  191  392  229  223  380  321  284  162  217  237  214  303  164  168  189  137  343  406
 20:     6 |  217  222  191  392  229  222  380  321  284  163  217  238  216  303  164  168  189  135  343  406
 21:     8 |  216  222  191  392  229  221  380  321  284  163  217  238  218  302  164  168  189  135  344  406
 22:     5 |  214  222  191  392  229  221  380  321  284  163  217  240  218  302  164  168  189  136  343  406
 23:     8 |  212  221  191  392  229  221  380  321  284  163  217  242  218  302  163  166  189  138  344  407
 24:    10 |  210  221  191  392  229  221  380  321  284  163  217  244  218  300  162  167  189  139  344  408
 25:     4 |  212  221  191  392  229  221  380  321  284  163  218  244  218  299  160  167  189  140  344  407
 26:     3 |  213  222  191  392  229  222  380  321  284  163  218  244  218  297  159  167  189  140  344  407
 27:     4 |  212  223  191  392  229  220  379  321  284  163  218  245  220  297  159  167  189  140  344  407
 28:     6 |  212  222  191  393  229  221  378  321  284  163  218  246  221  297  158  166  189  140  344  407
 29:     4 |  211  223  191  392  229  222  378  320  284  163  218  246  222  297  158  166  189  140  344  407
 30:     5 |  210  225  192  391  229  222  378  319  284  163  218  247  222  297  158  166  189  140  344  406
 31:     3 |  210  226  193  391  229  221  378  318  284  163  218  247  223  297  158  165  189  140  344  406
 32:     1 |  210  226  193  391  229  221  378  318  285  163  218  247  222  297  158  165  189  140  344  406
 33:     0 |  210  226  193  391  229  221  378  318  285  163  218  247  222  297  158  165  189  140  344  406
CONVERGED: after 34 iterations

==CONFUSION MATRIX + COUNTS==
LABEL \ CLUST
       0    1    2    3    4    5    6    7    8    9   10   11   12   13   14   15   16   17   18   19  TOT
 0:    0   12    7    1    1    3    1    0    0  159    0    0    0   15    0  142    6  133    7    2  489
 1:  179    2    0    0    0    0    0    1    0    0    0  217    1    1  128    0    1    0    0    0  530
 2:    0    2    3    2    0  209   23    8    3    0    4    2  209    1    8    3    7    1    5    3  493
 3:    2   15    0    0    0    3   25   13  164    0    0    0    5    1    5    0   35    1  239    1  509
 4:    4   13    2  260  125    1   67    2    0    0    0   11    0    2    3    0    0    0    0    9  499
 5:    0  161    0    3    2    1   49   13   99    0    0    2    2    8    2   11   32    1   72    0  458
 6:    5    8  181    1    1    0    2    1    2    2    0    0    3  269    1    3    1    2    0    0  482
 7:    9    2    0    5    4    2   41    0    0    0  206    8    0    0    4    0    0    0    0  282  563
 8:    7    7    0    0    1    2   34  279   15    1    0    4    2    0    7    5  103    1   17    9  494
 9:    4    4    0  119   95    0  136    1    2    1    8    3    0    0    0    1    4    1    4  100  483
TOT  210  226  193  391  229  221  378  318  285  163  218  247  222  297  158  165  189  140  344  406 5000

Saving cluster labels to file outdirs/outdir_digits_all_5e3.txt_128/labels.txt
Saving cluster centers to outdirs/outdir_digits_all_5e3.txt_128/cent_0000.pgm ...
runtime: procs 128 data digits_all_5e3.txt realtime 0.61


>> ./kmeans_omp sample-mnist-data/digits_all_1e4.txt 20 outdirs/outdir_digits_all_1e4.txt_128 500
threads: 128
datafile: sample-mnist-data/digits_all_1e4.txt
nclust: 20
savedir: outdirs/outdir_digits_all_1e4.txt_128
ndata: 10000
dim: 784

==CLUSTERING: MAXITER 500==
ITER NCHANGE CLUST_COUNTS
  1:  8990 |  404   80  508  512  771  536  217  429  509  552  583  974  233  582  830  627  478  495  430  250
  2:  3223 |  403  278  407  592  685  592  271  348  487  595  630  861  309  457  675  514  371  560  427  538
  3:  1402 |  527  297  352  538  584  568  323  514  481  624  599  762  335  422  606  500  372  591  377  628
  4:   763 |  604  294  338  508  549  568  319  598  471  628  590  697  363  415  573  481  376  599  379  650
  5:   576 |  632  293  324  506  525  572  324  618  461  614  594  660  372  415  544  492  387  604  388  675
  6:   476 |  656  299  307  521  502  579  341  607  471  595  588  649  374  428  514  482  395  601  404  687
  7:   400 |  689  303  305  550  484  586  344  580  477  576  591  642  373  423  489  467  407  600  425  689
  8:   345 |  707  310  301  582  472  596  341  571  464  548  596  636  380  421  469  455  424  602  439  686
  9:   262 |  717  308  302  610  460  599  338  572  464  515  596  633  389  421  449  457  435  607  442  686
 10:   199 |  719  312  305  629  448  600  334  566  464  488  597  633  393  427  442  452  445  612  448  686
 11:   163 |  721  316  311  642  445  593  331  557  475  470  598  633  398  428  439  451  449  614  445  684
 12:   138 |  722  321  314  646  444  590  328  554  475  453  599  638  405  426  436  448  458  616  442  685
 13:   103 |  721  323  315  654  443  590  328  539  472  439  601  640  406  427  434  447  466  617  450  688
 14:   108 |  721  325  313  661  445  593  325  530  467  422  602  642  415  430  434  450  475  621  440  689
 15:   111 |  720  326  312  665  454  596  320  512  455  412  603  642  424  431  434  451  480  625  441  697
 16:   117 |  729  326  309  673  460  599  316  490  444  402  600  642  436  432  432  450  479  627  451  703
 17:   105 |  726  324  308  671  464  599  315  478  434  398  598  643  443  433  433  449  483  626  464  711
 18:   107 |  726  325  308  674  474  598  313  465  424  390  596  643  452  429  433  451  486  630  474  709
 19:    91 |  726  324  307  680  480  594  314  455  424  385  593  642  457  428  433  450  486  634  480  708
 20:    70 |  727  324  307  679  481  592  316  453  427  382  595  641  464  426  433  452  486  636  471  708
 21:    68 |  727  324  307  677  480  589  317  451  430  381  595  642  476  426  433  450  479  638  470  708
 22:    62 |  727  323  307  677  482  586  318  448  435  381  594  644  486  427  433  447  474  639  466  706
 23:    72 |  728  324  307  676  484  583  318  447  438  381  593  645  500  424  431  446  469  642  459  705
 24:    69 |  731  323  306  674  486  582  319  445  445  380  591  643  511  423  430  445  461  646  454  705
 25:    73 |  729  321  306  670  490  581  319  443  456  381  591  642  516  423  430  445  453  649  450  705
 26:    64 |  723  320  306  671  493  579  319  442  458  380  592  642  517  423  427  444  456  651  449  708
 27:    63 |  721  319  308  670  493  578  318  440  466  380  594  642  520  423  428  441  455  653  443  708
 28:    56 |  721  321  308  670  492  577  319  437  474  380  597  641  523  424  428  438  455  651  435  709
 29:    43 |  716  323  308  669  493  576  320  437  478  380  597  642  526  425  428  433  454  651  435  709
 30:    42 |  712  324  309  670  496  575  320  434  482  380  597  641  528  425  427  432  454  651  434  709
 31:    18 |  713  324  310  670  496  575  320  433  482  379  598  640  529  426  427  432  454  652  432  708
 32:    18 |  713  325  310  669  496  575  320  429  482  379  598  640  530  426  427  432  455  653  431  710
 33:    19 |  714  325  310  668  496  575  320  427  484  379  598  640  527  427  427  431  454  653  434  711
 34:    16 |  715  325  310  666  496  575  320  426  481  379  598  640  531  428  427  430  452  654  436  711
 35:    18 |  716  325  310  666  496  572  320  426  480  379  598  640  536  430  427  430  450  653  436  710
 36:    12 |  716  325  310  665  496  572  320  427  480  379  598  640  541  430  428  430  447  652  435  709
 37:    16 |  714  326  310  666  496  571  320  427  483  379  598  640  546  430  428  430  448  652  428  708
 38:    16 |  711  326  310  666  498  570  320  427  484  379  599  640  551  431  428  430  445  652  425  708
 39:    19 |  711  326  310  666  500  569  319  426  485  379  599  640  558  431  428  430  442  653  421  707
 40:    11 |  710  326  310  666  499  568  319  426  487  379  599  640  559  431  429  429  440  655  421  707
 41:    10 |  710  327  310  666  499  567  318  426  487  379  599  640  564  431  430  429  436  655  420  707
 42:    14 |  709  329  310  666  499  566  316  426  487  379  599  640  568  431  431  429  435  655  418  707
 43:     9 |  709  329  310  666  499  565  314  426  488  379  599  640  569  431  433  429  433  655  419  707
 44:    15 |  709  329  310  666  499  565  313  426  488  379  599  640  576  431  434  428  426  654  421  707
 45:    18 |  708  329  309  665  499  562  312  426  488  381  599  640  578  431  434  427  427  655  422  708
 46:    16 |  708  330  309  665  499  560  312  427  488  382  599  640  577  431  434  426  428  655  422  708
 47:    17 |  708  332  309  665  499  557  312  428  489  383  599  640  580  431  434  424  426  655  421  708
 48:    22 |  705  332  309  665  499  555  312  428  490  383  600  640  585  432  434  424  423  655  421  708
 49:    28 |  706  333  309  665  499  552  312  428  490  386  603  639  583  432  434  423  417  657  424  708
 50:    20 |  704  333  310  665  499  550  312  428  490  386  605  639  584  432  434  423  415  657  426  708
 51:    30 |  704  333  310  665  498  547  312  428  493  388  605  639  588  432  434  423  407  657  429  708
 52:    40 |  702  333  311  666  497  545  312  428  495  389  606  640  588  431  434  424  404  659  430  706
 53:    30 |  702  333  311  666  497  541  313  427  500  391  606  639  588  431  434  424  396  660  434  707
 54:    33 |  699  333  311  667  495  536  314  426  502  391  606  639  589  431  434  424  398  660  440  705
 55:    41 |  697  333  312  667  496  533  315  423  507  390  607  639  595  430  434  424  397  658  441  702
 56:    49 |  695  334  312  668  498  528  317  422  511  391  608  640  593  429  433  424  394  658  444  701
 57:    42 |  696  335  312  666  499  523  317  419  516  391  609  640  603  429  433  424  381  659  448  700
 58:    39 |  699  335  312  667  500  514  316  419  521  391  611  640  600  429  432  425  382  659  451  697
 59:    38 |  699  337  312  666  501  508  316  419  521  391  611  641  606  428  432  425  379  661  448  699
 60:    45 |  699  339  312  667  500  503  317  417  524  391  610  641  608  428  432  427  376  663  447  699
 61:    41 |  700  340  311  667  500  502  317  415  525  391  611  643  610  427  432  430  379  662  440  698
 62:    35 |  697  342  311  666  500  500  317  412  528  391  612  644  609  426  432  431  385  661  439  697
 63:    35 |  691  343  310  666  500  497  320  410  528  392  615  643  610  425  432  433  394  659  436  696
 64:    35 |  685  343  310  666  500  498  319  409  529  392  617  641  611  425  432  433  404  656  435  695
 65:    32 |  679  344  311  669  500  495  317  408  527  392  616  641  613  424  431  433  414  656  434  696
 66:    38 |  679  346  311  670  500  491  315  407  528  392  615  642  616  423  430  432  420  656  433  694
 67:    44 |  673  347  311  670  502  490  309  406  533  392  616  643  615  422  431  432  425  655  435  693
 68:    34 |  673  347  309  669  504  488  307  406  535  392  617  643  617  422  431  432  428  654  434  692
 69:    26 |  675  348  309  669  502  491  307  407  538  392  617  642  615  422  431  432  426  654  434  689
 70:    19 |  673  348  310  670  504  489  304  407  543  392  617  642  613  422  431  432  426  655  435  687
 71:    15 |  671  348  310  671  504  489  303  407  549  391  617  641  611  422  429  432  429  655  434  687
 72:    16 |  668  348  310  672  504  489  303  408  551  391  619  641  612  422  428  432  426  655  435  686
 73:    24 |  667  348  310  673  503  488  303  408  556  391  619  642  610  422  426  433  428  655  433  685
 74:    20 |  663  348  310  673  503  485  303  409  562  391  621  642  602  422  426  433  433  655  433  686
 75:    12 |  663  348  310  674  503  483  303  409  563  391  621  642  599  423  425  433  438  655  433  684
 76:    15 |  664  348  310  674  502  480  303  409  564  391  621  642  595  423  423  433  446  655  432  685
 77:    11 |  664  348  311  674  502  479  303  409  565  391  622  642  592  423  422  433  448  655  432  685
 78:     4 |  666  348  311  673  502  480  303  409  564  391  622  642  591  423  422  433  447  656  432  685
 79:     3 |  666  348  311  673  502  480  303  409  563  391  622  642  591  423  421  433  448  657  432  685
 80:     2 |  664  348  311  673  503  480  303  409  563  391  622  642  591  423  421  433  448  658  432  685
 81:     2 |  666  348  311  672  503  480  303  409  563  391  622  642  591  423  420  433  448  658  432  685
 82:     5 |  668  348  311  672  504  480  303  409  563  391  622  642  591  423  418  433  448  658  432  684
 83:     6 |  668  349  311  671  505  480  303  409  564  391  622  642  591  423  417  433  448  658  432  683
 84:    13 |  664  349  311  671  507  480  303  409  567  391  625  642  589  423  416  433  450  658  431  681
 85:    12 |  661  351  311  671  507  480  303  409  568  391  627  643  588  423  416  433  450  658  431  679
 86:    19 |  661  352  311  669  508  480  302  410  568  391  630  644  589  423  414  433  450  659  431  675
 87:    27 |  657  351  313  666  510  480  302  410  568  391  634  644  590  424  413  433  452  662  431  669
 88:    23 |  660  352  312  663  512  480  302  412  568  391  636  645  591  424  412  433  451  663  431  662
 89:    24 |  661  352  312  661  512  480  303  414  567  391  640  648  590  424  411  433  455  663  430  653
 90:    24 |  663  351  312  658  511  481  303  415  568  391  645  650  591  424  410  433  455  663  428  648
 91:    28 |  655  350  312  654  514  481  303  416  569  391  651  651  591  424  410  433  456  667  428  644
 92:    38 |  660  350  312  646  513  481  305  417  568  391  656  651  592  425  408  433  458  669  429  636
 93:    33 |  656  350  313  641  515  481  305  417  569  391  663  650  592  425  408  433  462  669  429  631
 94:    28 |  653  350  313  638  519  482  305  416  570  391  668  651  593  425  407  433  462  669  429  626
 95:    31 |  642  349  313  635  527  482  303  418  570  391  673  652  592  425  408  433  462  670  429  626
 96:    32 |  645  349  313  626  528  481  304  418  570  391  675  652  593  425  409  433  462  670  430  626
 97:    34 |  650  349  313  618  535  480  305  419  571  391  676  652  593  425  404  433  463  669  431  623
 98:    41 |  645  349  314  610  546  479  304  419  571  391  679  651  593  425  402  433  463  670  431  625
 99:    38 |  651  348  314  601  551  477  304  420  571  391  682  652  594  425  398  433  466  669  431  622
100:    26 |  647  347  314  599  557  476  303  419  571  391  685  653  594  425  398  433  467  669  431  621
101:    20 |  641  347  314  595  565  476  303  419  571  391  686  653  593  425  398  433  469  669  432  620
102:    23 |  634  346  314  597  571  476  303  419  571  391  688  653  592  425  396  433  470  669  433  619
103:    20 |  630  345  314  594  575  476  303  419  571  391  690  652  591  425  397  433  473  669  433  619
104:    23 |  623  346  314  591  582  476  304  419  571  391  692  651  590  425  396  433  474  669  433  620
105:    19 |  621  346  314  589  586  476  304  419  571  391  693  649  590  425  395  433  476  669  434  619
106:    14 |  619  346  315  588  589  476  304  419  571  391  694  649  591  425  393  434  475  669  433  619
107:    15 |  617  346  316  586  590  476  304  419  571  393  696  648  590  425  393  432  476  670  434  618
108:    12 |  615  346  316  586  590  476  305  419  571  394  698  648  589  425  395  430  477  670  435  615
109:    12 |  614  346  316  586  592  476  305  419  571  394  699  648  587  425  397  430  478  669  436  612
110:     7 |  613  346  316  585  594  476  305  419  571  394  700  648  585  425  397  430  479  669  436  612
111:     2 |  613  346  316  585  594  476  305  419  571  394  700  648  585  425  398  430  479  669  435  612
112:     0 |  613  346  316  585  594  476  305  419  571  394  700  648  585  425  398  430  479  669  435  612
CONVERGED: after 113 iterations

==CONFUSION MATRIX + COUNTS==
LABEL \ CLUST
       0    1    2    3    4    5    6    7    8    9   10   11   12   13   14   15   16   17   18   19  TOT
 0:    0   36    9    3    0    1    1   16    6  380    0    0   12   12    2  405    6    2   77    0  968
 1:    0    0    0    0    2    4    0    5    0    0  521  557    0    0    0    0    3    1    0    0 1093
 2:    6   12   28    1   18   13    1   16   20    0   55   34   16    2    8    9   91  646    0    5  981
 3:   15    4    1    2   17   30    0   17  486    1   32    1  308    0    2    1   64   10   11    0 1002
 4:   87   11    9   13  232    2  172   36    0    0   11   13    0    2    0    0    0    2    1  443 1034
 5:   10    9    1    0   23    1    8  282   23    4    5    0  168   12    1    6   13    2  315    9  892
 6:    0  271  267    0    0    0    3    3    0    4   21    3    2  396    0    2    0    0   11    0  983
 7:  217    0    1  400   40    1   17    9    0    0   19   24    0    0  372    0    1    3    0    9 1113
 8:   13    2    0    7    4  423   10   22   31    4   29   11   74    0    0    4  295    3   16    8  956
 9:  265    1    0  159  258    1   93   13    5    1    7    5    5    1   13    3    6    0    4  138  978
TOT  613  346  316  585  594  476  305  419  571  394  700  648  585  425  398  430  479  669  435  612 10000

Saving cluster labels to file outdirs/outdir_digits_all_1e4.txt_128/labels.txt
Saving cluster centers to outdirs/outdir_digits_all_1e4.txt_128/cent_0000.pgm ...
runtime: procs 128 data digits_all_1e4.txt realtime 1.60


>> ./kmeans_omp sample-mnist-data/digits_all_3e4.txt 20 outdirs/outdir_digits_all_3e4.txt_128 500
threads: 128
datafile: sample-mnist-data/digits_all_3e4.txt
nclust: 20
savedir: outdirs/outdir_digits_all_3e4.txt_128
ndata: 30000
dim: 784

==CLUSTERING: MAXITER 500==
ITER NCHANGE CLUST_COUNTS
  1: 27318 |  529  328 1732 1400  490  598 2988 1689 1043 3017 2786 1435 1292  609 1865 1043 1483 2434 1670 1569
  2: 11588 | 1179  892 1932 1620 1151  966 2709 1626  395 2328 1432 1233 2004  934 1478 1152 1797 1985 1849 1338
  3:  5761 | 1290 1303 1678 1704 1281 1119 2389 1425  944 2168 1318 1393 1609 1195 1357 1132 1939 1675 1759 1322
  4:  3587 | 1293 1542 1622 1798 1252 1196 2111 1503 1149 2113 1186 1350 1486 1368 1468 1172 2016 1461 1640 1274
  5:  2465 | 1242 1714 1616 1868 1191 1214 1933 1635 1220 2097 1066 1305 1433 1404 1620 1169 2039 1421 1559 1254
  6:  1797 | 1170 1820 1616 1884 1156 1214 1794 1695 1319 2076 1005 1270 1412 1422 1768 1168 2038 1426 1457 1290
  7:  1465 | 1078 1884 1601 1885 1194 1194 1697 1734 1415 2078  965 1243 1388 1424 1922 1165 2012 1430 1388 1303
  8:  1256 | 1035 1903 1570 1888 1206 1159 1628 1771 1497 2073  945 1214 1355 1416 2074 1173 2003 1438 1343 1309
  9:  1115 | 1009 1914 1535 1886 1205 1142 1584 1783 1565 2047  932 1193 1334 1403 2205 1174 2014 1435 1325 1315
 10:  1068 |  990 1944 1498 1867 1169 1174 1547 1797 1635 1996  927 1173 1331 1399 2291 1184 2013 1428 1318 1319
 11:  1055 |  972 1962 1466 1856 1139 1203 1553 1774 1722 1923  931 1146 1344 1388 2362 1191 2013 1411 1315 1329
 12:  1112 | 1000 1974 1437 1856 1108 1257 1561 1711 1780 1803  940 1130 1362 1366 2421 1219 2019 1394 1320 1342
 13:  1015 | 1029 1982 1420 1860 1103 1255 1606 1617 1837 1684  991 1117 1375 1338 2452 1252 2022 1357 1324 1379
 14:   961 | 1058 1987 1407 1862 1127 1240 1645 1497 1868 1570 1081 1100 1392 1319 2483 1284 2026 1328 1324 1402
 15:   865 | 1075 1975 1397 1872 1158 1242 1676 1382 1869 1473 1144 1087 1412 1290 2538 1308 2040 1301 1334 1427
 16:   678 | 1107 1967 1389 1866 1196 1241 1683 1291 1867 1378 1202 1081 1428 1263 2595 1332 2046 1284 1345 1439
 17:   541 | 1125 1958 1383 1875 1230 1239 1684 1226 1881 1299 1242 1076 1438 1252 2634 1344 2040 1281 1350 1443
 18:   483 | 1150 1954 1375 1897 1254 1238 1669 1173 1891 1221 1291 1069 1444 1245 2657 1356 2032 1283 1358 1443
 19:   390 | 1180 1940 1381 1904 1267 1234 1649 1131 1904 1164 1339 1070 1447 1233 2671 1360 2028 1292 1364 1442
 20:   309 | 1197 1928 1381 1917 1272 1236 1636 1122 1896 1116 1390 1073 1449 1227 2682 1357 2020 1290 1367 1444
 21:   270 | 1206 1922 1381 1933 1278 1239 1619 1124 1899 1085 1423 1072 1449 1221 2687 1348 2007 1290 1367 1450
 22:   243 | 1211 1919 1381 1941 1278 1247 1605 1113 1902 1055 1470 1074 1445 1216 2687 1337 1998 1294 1369 1458
 23:   213 | 1210 1921 1381 1945 1278 1247 1591 1107 1911 1031 1506 1077 1442 1218 2677 1330 1986 1299 1372 1471
 24:   201 | 1207 1921 1378 1951 1281 1253 1584 1090 1910 1010 1529 1080 1443 1219 2679 1321 1974 1304 1374 1492
 25:   200 | 1199 1921 1374 1955 1282 1257 1576 1071 1914  994 1551 1082 1441 1218 2681 1323 1970 1309 1375 1507
 26:   199 | 1191 1917 1371 1957 1284 1270 1570 1057 1908  978 1578 1080 1439 1216 2669 1325 1967 1316 1376 1531
 27:   200 | 1185 1914 1368 1957 1284 1277 1569 1033 1911  964 1591 1080 1436 1216 2661 1329 1966 1322 1375 1562
 28:   224 | 1175 1910 1361 1957 1282 1291 1566 1024 1914  953 1593 1080 1432 1213 2644 1333 1963 1326 1378 1605
 29:   248 | 1161 1901 1357 1958 1283 1321 1564  988 1911  958 1607 1083 1431 1214 2622 1332 1962 1328 1377 1642
 30:   287 | 1149 1889 1353 1957 1284 1355 1564  957 1912  961 1606 1088 1430 1214 2582 1336 1961 1339 1377 1686
 31:   335 | 1135 1871 1350 1960 1285 1388 1568  934 1914  953 1599 1091 1433 1214 2543 1341 1956 1348 1376 1741
 32:   387 | 1116 1841 1341 1957 1285 1432 1579  919 1910  945 1616 1098 1440 1215 2512 1341 1946 1348 1377 1782
 33:   401 | 1090 1820 1338 1956 1285 1494 1583  927 1913  932 1624 1106 1441 1218 2482 1350 1939 1348 1380 1774
 34:   401 | 1075 1792 1326 1955 1286 1546 1592  936 1911  921 1634 1110 1443 1216 2464 1357 1934 1345 1385 1772
 35:   439 | 1060 1755 1314 1958 1288 1600 1599  948 1924  915 1643 1120 1448 1216 2439 1360 1933 1340 1387 1753
 36:   433 | 1045 1733 1298 1961 1293 1620 1602  962 1958  914 1646 1132 1453 1215 2402 1371 1936 1338 1391 1730
 37:   374 | 1030 1713 1291 1966 1298 1635 1608  961 1985  920 1650 1136 1455 1220 2363 1380 1942 1342 1398 1707
 38:   318 | 1017 1689 1286 1975 1301 1662 1617  962 2006  921 1656 1137 1452 1220 2334 1388 1950 1342 1410 1675
 39:   292 | 1010 1665 1279 1974 1303 1685 1626  963 2022  917 1652 1144 1450 1220 2314 1399 1963 1346 1425 1643
 40:   206 | 1005 1650 1277 1969 1306 1683 1631  962 2038  919 1653 1151 1449 1218 2299 1409 1973 1345 1435 1628
 41:   206 | 1000 1641 1273 1961 1310 1700 1633  963 2053  915 1652 1155 1449 1221 2281 1424 1985 1345 1442 1597
 42:   204 |  997 1631 1272 1954 1311 1711 1633  962 2070  914 1648 1151 1448 1219 2282 1434 1987 1349 1445 1582
 43:   175 |  994 1634 1271 1947 1311 1716 1633  959 2079  917 1645 1146 1450 1220 2269 1444 1988 1351 1454 1572
 44:   166 |  989 1631 1269 1944 1315 1718 1628  963 2086  918 1643 1144 1450 1220 2259 1463 1992 1352 1457 1559
 45:   133 |  987 1628 1267 1940 1317 1709 1628  965 2101  917 1642 1141 1451 1220 2255 1473 1995 1353 1459 1552
 46:   109 |  991 1617 1262 1937 1317 1697 1621  966 2120  912 1643 1141 1451 1221 2262 1480 1996 1354 1462 1550
 47:    94 |  991 1612 1259 1935 1317 1677 1613  965 2134  913 1642 1141 1452 1222 2256 1496 2004 1353 1467 1551
 48:    90 |  990 1609 1259 1934 1320 1663 1612  965 2138  913 1642 1140 1451 1223 2254 1510 2006 1354 1470 1547
 49:    72 |  990 1602 1258 1936 1320 1655 1613  967 2136  913 1643 1138 1452 1224 2251 1518 2008 1353 1474 1549
 50:    72 |  989 1600 1258 1939 1318 1643 1612  969 2139  913 1642 1136 1455 1224 2249 1529 2008 1353 1477 1547
 51:    53 |  989 1599 1257 1938 1319 1634 1611  969 2141  913 1644 1134 1455 1224 2249 1542 2003 1353 1479 1547
 52:    52 |  989 1596 1257 1938 1318 1628 1611  970 2140  913 1644 1131 1456 1224 2247 1552 2003 1354 1484 1545
 53:    41 |  989 1598 1257 1936 1319 1626 1606  970 2141  913 1642 1131 1456 1223 2242 1559 2003 1354 1490 1545
 54:    39 |  989 1596 1258 1936 1322 1623 1602  970 2133  913 1641 1130 1456 1221 2242 1572 2003 1354 1495 1544
 55:    28 |  989 1596 1258 1937 1325 1619 1601  970 2134  913 1641 1129 1455 1221 2239 1575 2002 1354 1497 1545
 56:    23 |  989 1597 1258 1937 1323 1618 1598  971 2137  913 1642 1128 1454 1221 2239 1576 2002 1354 1499 1544
 57:    14 |  989 1597 1258 1937 1322 1620 1596  970 2134  914 1642 1128 1455 1222 2239 1578 2003 1354 1500 1542
 58:    11 |  990 1597 1258 1937 1322 1617 1596  970 2133  913 1642 1128 1455 1222 2239 1579 2003 1354 1502 1543
 59:    13 |  989 1597 1258 1937 1322 1615 1594  970 2131  913 1642 1128 1454 1222 2240 1583 2004 1354 1503 1544
 60:    21 |  989 1597 1258 1937 1322 1612 1592  970 2128  913 1643 1128 1455 1222 2241 1587 2004 1354 1503 1545
 61:    19 |  989 1597 1258 1938 1324 1606 1593  970 2131  913 1642 1128 1456 1222 2239 1589 2003 1354 1503 1545
 62:    18 |  989 1599 1258 1938 1325 1602 1593  971 2128  913 1642 1128 1457 1222 2239 1593 2002 1354 1505 1542
 63:    15 |  989 1599 1258 1938 1324 1601 1593  971 2126  913 1644 1128 1457 1222 2240 1596 2002 1354 1505 1540
 64:    14 |  989 1599 1258 1938 1324 1603 1593  971 2125  913 1644 1127 1456 1220 2240 1601 2001 1354 1505 1539
 65:    12 |  989 1599 1258 1938 1324 1605 1592  971 2125  913 1644 1127 1455 1219 2240 1603 2001 1354 1505 1538
 66:     7 |  989 1599 1258 1938 1324 1608 1592  971 2121  913 1644 1126 1454 1219 2240 1606 2001 1354 1506 1537
 67:    11 |  989 1599 1257 1938 1325 1607 1592  971 2116  913 1644 1126 1454 1219 2241 1610 2001 1354 1507 1537
 68:    13 |  989 1598 1257 1938 1325 1606 1593  971 2117  913 1644 1126 1454 1218 2242 1611 1998 1354 1508 1538
 69:    12 |  989 1598 1257 1938 1324 1604 1594  972 2113  913 1644 1126 1454 1218 2242 1612 1998 1355 1508 1541
 70:    15 |  988 1598 1257 1940 1324 1602 1594  973 2108  913 1644 1126 1455 1218 2242 1616 1997 1355 1510 1540
 71:    14 |  989 1599 1257 1940 1324 1601 1593  972 2106  914 1644 1125 1455 1218 2242 1618 1997 1355 1512 1539
 72:    18 |  989 1598 1257 1941 1324 1597 1595  972 2105  915 1646 1124 1455 1219 2242 1617 1995 1355 1514 1540
 73:    21 |  988 1598 1256 1941 1324 1597 1593  971 2101  916 1647 1124 1455 1219 2242 1624 1995 1355 1515 1539
 74:    26 |  987 1597 1256 1940 1324 1596 1593  974 2093  916 1648 1125 1456 1219 2242 1627 1996 1355 1517 1539
 75:    14 |  986 1597 1256 1940 1324 1595 1592  976 2086  916 1649 1125 1457 1219 2242 1630 1996 1355 1519 1540
 76:    12 |  985 1597 1256 1940 1324 1594 1593  976 2080  916 1651 1125 1457 1219 2242 1634 1996 1355 1520 1540
 77:    18 |  984 1597 1256 1939 1324 1589 1593  976 2083  916 1651 1125 1456 1219 2242 1638 1996 1354 1521 1541
 78:    13 |  983 1598 1256 1939 1324 1589 1594  976 2080  916 1651 1125 1455 1220 2242 1637 1996 1355 1522 1542
 79:     6 |  983 1598 1256 1939 1323 1587 1597  976 2078  916 1651 1125 1455 1221 2242 1637 1996 1355 1522 1543
 80:     6 |  983 1599 1256 1939 1324 1587 1598  976 2076  916 1651 1124 1455 1221 2242 1638 1996 1355 1522 1542
 81:     8 |  983 1600 1255 1939 1324 1586 1599  976 2076  916 1650 1124 1455 1221 2242 1640 1996 1355 1522 1541
 82:    12 |  983 1600 1255 1939 1324 1585 1601  976 2073  916 1649 1124 1453 1221 2243 1645 1996 1355 1522 1540
 83:     9 |  983 1600 1255 1939 1324 1585 1602  976 2071  916 1649 1124 1452 1220 2242 1649 1996 1355 1522 1540
 84:     6 |  983 1600 1255 1939 1324 1586 1604  976 2068  916 1649 1124 1452 1219 2241 1651 1996 1355 1522 1540
 85:     5 |  983 1600 1255 1939 1323 1586 1605  976 2067  915 1649 1124 1452 1220 2241 1652 1996 1355 1522 1540
 86:     5 |  983 1600 1255 1939 1322 1588 1605  977 2066  915 1649 1124 1452 1220 2241 1652 1996 1355 1522 1539
 87:     3 |  983 1600 1255 1939 1320 1588 1606  977 2065  915 1649 1124 1452 1221 2241 1652 1997 1355 1522 1539
 88:     2 |  983 1600 1255 1939 1320 1588 1606  977 2066  915 1649 1124 1452 1222 2240 1652 1997 1355 1522 1538
 89:     4 |  983 1601 1255 1939 1320 1588 1607  977 2066  915 1649 1124 1453 1222 2239 1652 1997 1355 1522 1536
 90:     3 |  983 1602 1255 1939 1320 1587 1607  977 2067  915 1649 1124 1453 1222 2239 1651 1997 1355 1522 1536
 91:     1 |  983 1602 1255 1939 1320 1586 1607  977 2068  915 1649 1124 1453 1222 2239 1651 1997 1355 1522 1536
 92:     1 |  983 1602 1255 1939 1320 1585 1607  977 2069  915 1649 1124 1453 1222 2239 1651 1997 1355 1522 1536
 93:     2 |  983 1602 1255 1939 1320 1586 1608  977 2068  915 1649 1123 1453 1222 2239 1651 1997 1355 1522 1536
 94:     1 |  983 1602 1255 1939 1320 1586 1609  977 2067  915 1649 1123 1453 1222 2239 1651 1997 1355 1522 1536
 95:     0 |  983 1602 1255 1939 1320 1586 1609  977 2067  915 1649 1123 1453 1222 2239 1651 1997 1355 1522 1536
CONVERGED: after 96 iterations

==CONFUSION MATRIX + COUNTS==
LABEL \ CLUST
       0    1    2    3    4    5    6    7    8    9   10   11   12   13   14   15   16   17   18   19  TOT
 0:  933    1    2    0    4    6   16  858   30  872   51    1    0   17    4    4    7   27    0  128 2961
 1:    0    0    1    2   14    4    0    0   15    0    3  893 1235    0    7    2    0    2 1242    3 3423
 2:    3    1   15   26 1240   65   13   24   20    9   40   65   46 1100   61   32   45   18   53   72 2948
 3:    5    2    6   11   30   93  778    8  616    2    6   12   21   54   63 1217   17    6   64   62 3073
 4:    1  967    1  187    0    1    0    0    5    1   36   43   22   16  590    0  903   29   13  111 2926
 5:    7   31    1   10    1   80  517   36  592    6   40    3    3    2   70  321   51   16   21  901 2709
 6:   15    2    0    0   15    1    9   34   15   20 1455    7   22    5    9    2   24 1241   21   78 2975
 7:    2   36 1191 1097    8    3    0    0    1    1    0   52   50    9  410    0  188    2   33   24 3107
 8:    9   40    1   26    8 1328  259   12  726    3   15   38   37    9   65   62   29   10   59  139 2875
 9:    8  522   37  580    0    5   17    5   47    1    3    9   17   10  960   11  733    4   16   18 3003
TOT  983 1602 1255 1939 1320 1586 1609  977 2067  915 1649 1123 1453 1222 2239 1651 1997 1355 1522 1536 30000

Saving cluster labels to file outdirs/outdir_digits_all_3e4.txt_128/labels.txt
Saving cluster centers to outdirs/outdir_digits_all_3e4.txt_128/cent_0000.pgm ...
runtime: procs 128 data digits_all_3e4.txt realtime 3.27


